{
	"info": {
		"_postman_id": "40fb744e-f6bf-4a69-b9ec-1a5a996f35f8",
		"name": "machine learning tutorial",
		"schema": "https://schema.getpostman.com/json/collection/v2.1.0/collection.json"
	},
	"item": [
		{
			"name": "status",
			"request": {
				"method": "GET",
				"header": [],
				"body": {
					"mode": "raw",
					"raw": ""
				},
				"url": {
					"raw": "http://localhost:9200/_stats",
					"protocol": "http",
					"host": [
						"localhost"
					],
					"port": "9200",
					"path": [
						"_stats"
					]
				}
			},
			"response": []
		},
		{
			"name": "indices",
			"request": {
				"method": "GET",
				"header": [],
				"body": {
					"mode": "raw",
					"raw": ""
				},
				"url": {
					"raw": "http://localhost:9200/_cat/indices?format=json&pretty",
					"protocol": "http",
					"host": [
						"localhost"
					],
					"port": "9200",
					"path": [
						"_cat",
						"indices"
					],
					"query": [
						{
							"key": "format",
							"value": "json"
						},
						{
							"key": "pretty",
							"value": null
						}
					]
				}
			},
			"response": []
		},
		{
			"name": "Query todos",
			"request": {
				"method": "POST",
				"header": [
					{
						"key": "Content-Type",
						"value": "application/json"
					}
				],
				"body": {
					"mode": "raw",
					"raw": "{\n  \"size\":20,\n  \"query\":{\n    \"match_all\":{}\n  }\n}"
				},
				"url": {
					"raw": "http://localhost:9200/ventas*/_search",
					"protocol": "http",
					"host": [
						"localhost"
					],
					"port": "9200",
					"path": [
						"ventas*",
						"_search"
					]
				}
			},
			"response": []
		},
		{
			"name": "Query con agregaciones filtrando por fecha",
			"request": {
				"method": "POST",
				"header": [
					{
						"key": "Content-Type",
						"value": "application/json"
					}
				],
				"body": {
					"mode": "raw",
					"raw": "{\n  \"size\":0,\n  \"query\":{\n    \"range\" : {\n        \"timestamp\" : {\n        \t\"gt\":\"2018-06-12T08:50:01||-90d\",\n        \t\"lte\": \"2018-06-12T08:50:01\"\n        }\n    }\n  },\n  \"aggs\":{\n\t\"clientes\":{\n      \"terms\":{  \n        \"field\":\"detalles.idCliente\",\n        \"size\":100000\n      },\n      \"aggs\":{\n      \t\"cantidadTotal\":{\n      \t\t\"sum\":{\n      \t\t\t\"field\":\"detalles.cantidad\"\n      \t\t}\t\n      \t}\n      }\n  \t}\n  }\n}"
				},
				"url": {
					"raw": "http://localhost:9200/ventas*/_search",
					"protocol": "http",
					"host": [
						"localhost"
					],
					"port": "9200",
					"path": [
						"ventas*",
						"_search"
					]
				}
			},
			"response": []
		},
		{
			"name": "Query 90 días",
			"request": {
				"method": "POST",
				"header": [
					{
						"key": "Content-Type",
						"value": "application/json"
					}
				],
				"body": {
					"mode": "raw",
					"raw": "{\n  \"query\":{\n    \"range\" : {\n        \"timestamp\" : {\n        \t\"gt\":\"2018-06-12T08:50:01||-90d\",\n        \t\"lte\": \"2018-06-12T08:50:01\"\n        }\n    }\n  }\n}"
				},
				"url": {
					"raw": "http://localhost:9200/ventas*/_search",
					"protocol": "http",
					"host": [
						"localhost"
					],
					"port": "9200",
					"path": [
						"ventas*",
						"_search"
					]
				}
			},
			"response": []
		},
		{
			"name": "Query con agregaciones filtrando por fecha actual",
			"request": {
				"method": "POST",
				"header": [
					{
						"key": "Content-Type",
						"value": "application/json"
					}
				],
				"body": {
					"mode": "raw",
					"raw": "{\n  \"size\":0,\n  \"query\":{\n    \"range\" : {\n        \"timestamp\" : {\n        \t\"gt\":\"now-1M\",\n        \t\"lte\": \"now\"\n        }\n    }\n  },\n  \"aggs\":{\n\t\"clientes\":{\n      \"terms\":{  \n        \"field\":\"detalles.idCliente\",\n        \"size\":100000\n      },\n      \"aggs\":{\n      \t\"cantidadTotal\":{\n      \t\t\"sum\":{\n      \t\t\t\"field\":\"detalles.cantidad\"\n      \t\t}\t\n      \t}\n      }\n  \t}\n  }\n}"
				},
				"url": {
					"raw": "http://localhost:9200/ventas*/_search",
					"protocol": "http",
					"host": [
						"localhost"
					],
					"port": "9200",
					"path": [
						"ventas*",
						"_search"
					]
				}
			},
			"response": []
		},
		{
			"name": "Query con filtro de cliente y pais",
			"request": {
				"method": "POST",
				"header": [
					{
						"key": "Content-Type",
						"value": "application/json"
					}
				],
				"body": {
					"mode": "raw",
					"raw": "{\n  \"size\":20,\n  \"query\":{\n    \"bool\" : {\n        \"should\" : [\n        \t{ \"term\":{ \"detalles.idCliente\":\"3230119\"}},\n        \t{ \"term\":{ \"detalles.pais\":\"SG\"}}\n        ]\n    }\n  }\n}"
				},
				"url": {
					"raw": "http://localhost:9200/ventas*/_search",
					"protocol": "http",
					"host": [
						"localhost"
					],
					"port": "9200",
					"path": [
						"ventas*",
						"_search"
					]
				}
			},
			"response": []
		},
		{
			"name": "Campo idCliente como fielddata",
			"request": {
				"method": "PUT",
				"header": [
					{
						"key": "Content-Type",
						"value": "application/json"
					}
				],
				"body": {
					"mode": "raw",
					"raw": "{\n   \"venta\": {\n      \"properties\": {\n        \"detalles.idCliente\": {\n          \"type\": \"text\",\n          \"fielddata\": true\n        }\n      }\n   }\n}"
				},
				"url": {
					"raw": "http://localhost:9200/ventas*/_mapping/venta",
					"protocol": "http",
					"host": [
						"localhost"
					],
					"port": "9200",
					"path": [
						"ventas*",
						"_mapping",
						"venta"
					]
				}
			},
			"response": []
		},
		{
			"name": "delete all",
			"request": {
				"method": "DELETE",
				"header": [
					{
						"key": "Content-Type",
						"value": "application/json"
					},
					{
						"key": "Authorization",
						"value": "{{elasticAuth}}"
					}
				],
				"body": {
					"mode": "raw",
					"raw": "{\n}"
				},
				"url": {
					"raw": "http://localhost:9200/_all",
					"protocol": "http",
					"host": [
						"localhost"
					],
					"port": "9200",
					"path": [
						"_all"
					]
				}
			},
			"response": []
		}
	]
}