{"_index":"ventas-2018.04.10","_type":"venta","_id":"20180410101600000000002308420865335822699","_score":1,"_source":{"timestamp":"2018-04-10T00:17:05.483Z","detalles":{"pais":"AU","cantidad":0,"idCliente":"0230842"}}}
{"_index":"ventas-2018.04.10","_type":"venta","_id":"20180410101700000000002308420865335822700","_score":1,"_source":{"timestamp":"2018-04-10T00:17:58.959Z","detalles":{"pais":"AU","cantidad":0,"idCliente":"0230842"}}}
{"_index":"ventas-2018.04.10","_type":"venta","_id":"20180410101900000000099999990815335816541","_score":1,"_source":{"timestamp":"2018-04-10T00:20:20.166Z","detalles":{"pais":"AU","cantidad":877.58,"idCliente":"9999999"}}}
{"_index":"ventas-2018.04.10","_type":"venta","_id":"20180410102145000000000567420815746994992","_score":1,"_source":{"timestamp":"2018-04-10T00:22:24.919Z","detalles":{"pais":"AU","cantidad":601.71,"idCliente":"0056742"}}}
{"_index":"ventas-2018.04.10","_type":"venta","_id":"20180410102231000000000567420815746994993","_score":1,"_source":{"timestamp":"2018-04-10T00:23:11.929Z","detalles":{"pais":"AU","cantidad":891.65,"idCliente":"0056742"}}}
{"_index":"ventas-2018.04.10","_type":"venta","_id":"20180410102318000000000567420815746994996","_score":1,"_source":{"timestamp":"2018-04-10T00:23:59.312Z","detalles":{"pais":"AU","cantidad":891.65,"idCliente":"0056742"}}}
{"_index":"ventas-2018.04.10","_type":"venta","_id":"20180410030600000000019209876073011550736","_score":1,"_source":{"timestamp":"2018-04-10T00:06:54.756Z","detalles":{"pais":"FI","cantidad":71.68,"idCliente":"1920987"}}}
{"_index":"ventas-2018.04.10","_type":"venta","_id":"20180410101100000000099999990013012698830","_score":1,"_source":{"timestamp":"2018-04-10T00:12:09.999Z","detalles":{"pais":"AU","cantidad":248.1,"idCliente":"9999999"}}}
{"_index":"ventas-2018.04.10","_type":"venta","_id":"20180409212800000000099999990015184165505","_score":1,"_source":{"timestamp":"2018-04-10T00:29:24.313Z","detalles":{"pais":"UY","cantidad":846.07,"idCliente":"9999999"}}}
{"_index":"ventas-2018.04.10","_type":"venta","_id":"20180410102900000000002308420815335822703","_score":1,"_source":{"timestamp":"2018-04-10T00:29:56.069Z","detalles":{"pais":"AU","cantidad":0,"idCliente":"0230842"}}}
{"_index":"ventas-2018.04.10","_type":"venta","_id":"20180410103000000000002308420815335822704","_score":1,"_source":{"timestamp":"2018-04-10T00:30:56.199Z","detalles":{"pais":"AU","cantidad":0,"idCliente":"0230842"}}}
{"_index":"ventas-2018.04.10","_type":"venta","_id":"20180409213000000000099999990455184165506","_score":1,"_source":{"timestamp":"2018-04-10T00:31:30.308Z","detalles":{"pais":"UY","cantidad":1154.21,"idCliente":"9999999"}}}
{"_index":"ventas-2018.04.10","_type":"venta","_id":"20180410104751000000002355800815746994748","_score":1,"_source":{"timestamp":"2018-04-10T00:48:32.020Z","detalles":{"pais":"AU","cantidad":0,"idCliente":"0235580"}}}
{"_index":"ventas-2018.04.10","_type":"venta","_id":"20180410105300000000002308420815335822706","_score":1,"_source":{"timestamp":"2018-04-10T00:53:43.567Z","detalles":{"pais":"AU","cantidad":0,"idCliente":"0230842"}}}
{"_index":"ventas-2018.04.10","_type":"venta","_id":"20180410105700000000099999997955335823622","_score":1,"_source":{"timestamp":"2018-04-10T00:57:43.020Z","detalles":{"pais":"AU","cantidad":793.39,"idCliente":"9999999"}}}
{"_index":"ventas-2018.04.10","_type":"venta","_id":"20180410110400000000099999990815335816547","_score":1,"_source":{"timestamp":"2018-04-10T01:05:40.187Z","detalles":{"pais":"AU","cantidad":35,"idCliente":"9999999"}}}
{"_index":"ventas-2018.04.10","_type":"venta","_id":"20180410040600000000019209871175190054576","_score":1,"_source":{"timestamp":"2018-04-10T01:07:09.263Z","detalles":{"pais":"FI","cantidad":3528.36,"idCliente":"1920987"}}}
{"_index":"ventas-2018.04.10","_type":"venta","_id":"20180410040600000000019209871175190054577","_score":1,"_source":{"timestamp":"2018-04-10T01:07:10.812Z","detalles":{"pais":"FI","cantidad":3528.36,"idCliente":"1920987"}}}
{"_index":"ventas-2018.04.10","_type":"venta","_id":"20180410090700000000099999990015171515971","_score":1,"_source":{"timestamp":"2018-04-10T01:08:19.758Z","detalles":{"pais":"SG","cantidad":0,"idCliente":"9999999"}}}
{"_index":"ventas-2018.04.10","_type":"venta","_id":"20180410101000000000099999990555303505840","_score":1,"_source":{"timestamp":"2018-04-10T01:10:58.839Z","detalles":{"pais":"KR","cantidad":982500,"idCliente":"9999999"}}}
{"_index":"ventas-2018.04.10","_type":"venta","_id":"20180410091100000000099999990015171515973","_score":1,"_source":{"timestamp":"2018-04-10T01:11:51.622Z","detalles":{"pais":"SG","cantidad":0,"idCliente":"9999999"}}}
{"_index":"ventas-2018.04.10","_type":"venta","_id":"20180410111130000000002345460815746994968","_score":1,"_source":{"timestamp":"2018-04-10T01:12:10.031Z","detalles":{"pais":"AU","cantidad":224,"idCliente":"0234546"}}}
{"_index":"ventas-2018.04.10","_type":"venta","_id":"20180410102513000000000567420815746995002","_score":1,"_source":{"timestamp":"2018-04-10T00:25:55.038Z","detalles":{"pais":"AU","cantidad":670.65,"idCliente":"0056742"}}}
{"_index":"ventas-2018.04.10","_type":"venta","_id":"20180410102700000000099999990815335816543","_score":1,"_source":{"timestamp":"2018-04-10T00:28:30.249Z","detalles":{"pais":"AU","cantidad":698.48,"idCliente":"9999999"}}}
{"_index":"ventas-2018.04.10","_type":"venta","_id":"20180410102900000000002308420815335822702","_score":1,"_source":{"timestamp":"2018-04-10T00:29:44.472Z","detalles":{"pais":"AU","cantidad":0,"idCliente":"0230842"}}}
{"_index":"ventas-2018.04.10","_type":"venta","_id":"20180409203400000000096188110455323088317","_score":1,"_source":{"timestamp":"2018-04-10T00:35:24.429Z","detalles":{"pais":"BO","cantidad":311.6,"idCliente":"9618811"}}}
{"_index":"ventas-2018.04.10","_type":"venta","_id":"20180410104100000000099999990815335816545","_score":1,"_source":{"timestamp":"2018-04-10T00:42:39.173Z","detalles":{"pais":"AU","cantidad":920.58,"idCliente":"9999999"}}}
{"_index":"ventas-2018.04.10","_type":"venta","_id":"20180410100129000000002345460815746994965","_score":1,"_source":{"timestamp":"2018-04-10T00:02:08.919Z","detalles":{"pais":"AU","cantidad":1349.55,"idCliente":"0234546"}}}
{"_index":"ventas-2018.04.10","_type":"venta","_id":"20180410121500000000099999990862904794284","_score":1,"_source":{"timestamp":"2018-04-10T00:15:41.755Z","detalles":{"pais":"NZ","cantidad":0,"idCliente":"9999999"}}}
{"_index":"ventas-2018.04.10","_type":"venta","_id":"20180410121500000000099999990862904794286","_score":1,"_source":{"timestamp":"2018-04-10T00:15:46.394Z","detalles":{"pais":"NZ","cantidad":0,"idCliente":"9999999"}}}
{"_index":"ventas-2018.04.10","_type":"venta","_id":"20180410101600000000002302587955335817621","_score":1,"_source":{"timestamp":"2018-04-10T00:16:42.335Z","detalles":{"pais":"AU","cantidad":1834.59,"idCliente":"0230258"}}}
{"_index":"ventas-2018.04.10","_type":"venta","_id":"20180410105500000000099999997955335823620","_score":1,"_source":{"timestamp":"2018-04-10T00:55:44.729Z","detalles":{"pais":"AU","cantidad":2961.3,"idCliente":"9999999"}}}
{"_index":"ventas-2018.04.10","_type":"venta","_id":"20180410105600000000002308427955335822712","_score":1,"_source":{"timestamp":"2018-04-10T00:57:02.347Z","detalles":{"pais":"AU","cantidad":1048.39,"idCliente":"0230842"}}}
{"_index":"ventas-2018.04.10","_type":"venta","_id":"20180410105800000000002308427955335822714","_score":1,"_source":{"timestamp":"2018-04-10T00:58:39.927Z","detalles":{"pais":"AU","cantidad":799.39,"idCliente":"0230842"}}}
{"_index":"ventas-2018.04.10","_type":"venta","_id":"20180410105800000000002308427955335822715","_score":1,"_source":{"timestamp":"2018-04-10T00:59:38.161Z","detalles":{"pais":"AU","cantidad":100,"idCliente":"0230842"}}}
{"_index":"ventas-2018.04.10","_type":"venta","_id":"20180410105900000000099999997955335823623","_score":1,"_source":{"timestamp":"2018-04-10T00:59:50.264Z","detalles":{"pais":"AU","cantidad":1485.99,"idCliente":"9999999"}}}
{"_index":"ventas-2018.04.10","_type":"venta","_id":"20180410110100000000099999997955335823624","_score":1,"_source":{"timestamp":"2018-04-10T01:02:13.843Z","detalles":{"pais":"AU","cantidad":1485.99,"idCliente":"9999999"}}}
{"_index":"ventas-2018.04.10","_type":"venta","_id":"20180410110536000000000567420815746995004","_score":1,"_source":{"timestamp":"2018-04-10T01:06:18.372Z","detalles":{"pais":"AU","cantidad":235,"idCliente":"0056742"}}}
{"_index":"ventas-2018.04.10","_type":"venta","_id":"20180410110500000000002308420815335822716","_score":1,"_source":{"timestamp":"2018-04-10T01:06:35.619Z","detalles":{"pais":"AU","cantidad":0,"idCliente":"0230842"}}}
{"_index":"ventas-2018.04.10","_type":"venta","_id":"20180410110600000000002308420815335822718","_score":1,"_source":{"timestamp":"2018-04-10T01:07:20.151Z","detalles":{"pais":"AU","cantidad":0,"idCliente":"0230842"}}}
{"_index":"ventas-2018.04.10","_type":"venta","_id":"20180410100800000000099999990555303505837","_score":1,"_source":{"timestamp":"2018-04-10T01:09:21.021Z","detalles":{"pais":"KR","cantidad":1284500,"idCliente":"9999999"}}}
{"_index":"ventas-2018.04.10","_type":"venta","_id":"20180410100900000000099999990555303505839","_score":1,"_source":{"timestamp":"2018-04-10T01:10:10.516Z","detalles":{"pais":"KR","cantidad":934500,"idCliente":"9999999"}}}
{"_index":"ventas-2018.04.10","_type":"venta","_id":"20180410101000000000099999990555303505841","_score":1,"_source":{"timestamp":"2018-04-10T01:11:39.376Z","detalles":{"pais":"KR","cantidad":720000,"idCliente":"9999999"}}}
{"_index":"ventas-2018.04.10","_type":"venta","_id":"20180410091100000000099999990015171515974","_score":1,"_source":{"timestamp":"2018-04-10T01:11:51.437Z","detalles":{"pais":"SG","cantidad":0,"idCliente":"9999999"}}}
{"_index":"ventas-2018.04.10","_type":"venta","_id":"20180409221140000000000976410015746926308","_score":1,"_source":{"timestamp":"2018-04-10T01:12:26.267Z","detalles":{"pais":"BR","cantidad":0,"idCliente":"0097641"}}}
{"_index":"ventas-2018.04.10","_type":"venta","_id":"20180410102409000000000567420815746994998","_score":1,"_source":{"timestamp":"2018-04-10T00:24:50.318Z","detalles":{"pais":"AU","cantidad":891.65,"idCliente":"0056742"}}}
{"_index":"ventas-2018.04.10","_type":"venta","_id":"20180410102513000000000567420815746995000","_score":1,"_source":{"timestamp":"2018-04-10T00:25:54.086Z","detalles":{"pais":"AU","cantidad":891.65,"idCliente":"0056742"}}}
{"_index":"ventas-2018.04.10","_type":"venta","_id":"20180410105157000000002355800815746994750","_score":1,"_source":{"timestamp":"2018-04-10T00:52:37.373Z","detalles":{"pais":"AU","cantidad":0,"idCliente":"0235580"}}}
{"_index":"ventas-2018.04.10","_type":"venta","_id":"20180410105400000000002308420815335822710","_score":1,"_source":{"timestamp":"2018-04-10T00:55:14.938Z","detalles":{"pais":"AU","cantidad":0,"idCliente":"0230842"}}}
{"_index":"ventas-2018.04.10","_type":"venta","_id":"20180410104800000000099999995555335823616","_score":1,"_source":{"timestamp":"2018-04-10T00:49:34.404Z","detalles":{"pais":"AU","cantidad":2266,"idCliente":"9999999"}}}
{"_index":"ventas-2018.04.10","_type":"venta","_id":"20180410095100000000099999999885303505834","_score":1,"_source":{"timestamp":"2018-04-10T00:52:31.687Z","detalles":{"pais":"KR","cantidad":1233400,"idCliente":"9999999"}}}
{"_index":"ventas-2018.04.10","_type":"venta","_id":"20180410105157000000002355800815746994751","_score":1,"_source":{"timestamp":"2018-04-10T00:52:37.868Z","detalles":{"pais":"AU","cantidad":0,"idCliente":"0235580"}}}
{"_index":"ventas-2018.04.10","_type":"venta","_id":"20180409205200000000096188110455323088323","_score":1,"_source":{"timestamp":"2018-04-10T00:53:28.795Z","detalles":{"pais":"BO","cantidad":311.6,"idCliente":"9618811"}}}
{"_index":"ventas-2018.04.10","_type":"venta","_id":"20180410105200000000099999997955335823619","_score":1,"_source":{"timestamp":"2018-04-10T00:53:29.086Z","detalles":{"pais":"AU","cantidad":0,"idCliente":"9999999"}}}
{"_index":"ventas-2018.04.10","_type":"venta","_id":"20180410105300000000002308420815335822707","_score":1,"_source":{"timestamp":"2018-04-10T00:54:21.367Z","detalles":{"pais":"AU","cantidad":0,"idCliente":"0230842"}}}
{"_index":"ventas-2018.04.10","_type":"venta","_id":"20180409205400000000096188110455323088324","_score":1,"_source":{"timestamp":"2018-04-10T00:55:29.791Z","detalles":{"pais":"BO","cantidad":311.6,"idCliente":"9618811"}}}
{"_index":"ventas-2018.04.10","_type":"venta","_id":"20180410110100000000000567420815746995003","_score":1,"_source":{"timestamp":"2018-04-10T01:01:43.002Z","detalles":{"pais":"AU","cantidad":345,"idCliente":"0056742"}}}
{"_index":"ventas-2018.04.10","_type":"venta","_id":"20180410110400000000099999990813012698832","_score":1,"_source":{"timestamp":"2018-04-10T01:05:39.657Z","detalles":{"pais":"AU","cantidad":225,"idCliente":"9999999"}}}
{"_index":"ventas-2018.04.10","_type":"venta","_id":"20180410040600000000019209871175190054578","_score":1,"_source":{"timestamp":"2018-04-10T01:07:13.169Z","detalles":{"pais":"FI","cantidad":3528.36,"idCliente":"1920987"}}}
{"_index":"ventas-2018.04.10","_type":"venta","_id":"20180410130829000000000568260815746919931","_score":1,"_source":{"timestamp":"2018-04-10T01:09:14.078Z","detalles":{"pais":"NZ","cantidad":0,"idCliente":"0056826"}}}
{"_index":"ventas-2018.04.10","_type":"venta","_id":"20180410111044000000000567420815746995005","_score":1,"_source":{"timestamp":"2018-04-10T01:11:27.085Z","detalles":{"pais":"AU","cantidad":489.84,"idCliente":"0056742"}}}
{"_index":"ventas-2018.04.10","_type":"venta","_id":"20180410111044000000000567420815746995006","_score":1,"_source":{"timestamp":"2018-04-10T01:11:27.694Z","detalles":{"pais":"AU","cantidad":489.84,"idCliente":"0056742"}}}
{"_index":"ventas-2018.04.10","_type":"venta","_id":"20180410000038000000014338850555316803518","_score":1,"_source":{"timestamp":"2018-04-10T00:01:16.830Z","detalles":{"pais":"IN","cantidad":8039,"idCliente":"1433885"}}}
{"_index":"ventas-2018.04.10","_type":"venta","_id":"20180410121000000000099999990861993174610","_score":1,"_source":{"timestamp":"2018-04-10T00:10:51.945Z","detalles":{"pais":"NZ","cantidad":0,"idCliente":"9999999"}}}
{"_index":"ventas-2018.04.10","_type":"venta","_id":"20180410100513000000002345460815746994966","_score":1,"_source":{"timestamp":"2018-04-10T00:05:52.561Z","detalles":{"pais":"AU","cantidad":1349.55,"idCliente":"0234546"}}}
{"_index":"ventas-2018.04.10","_type":"venta","_id":"20180409200500000000096188110455323088316","_score":1,"_source":{"timestamp":"2018-04-10T00:06:16.113Z","detalles":{"pais":"BO","cantidad":0,"idCliente":"9618811"}}}
{"_index":"ventas-2018.04.10","_type":"venta","_id":"20180410120800000000099999990861993174608","_score":1,"_source":{"timestamp":"2018-04-10T00:09:03.325Z","detalles":{"pais":"NZ","cantidad":0,"idCliente":"9999999"}}}
{"_index":"ventas-2018.04.10","_type":"venta","_id":"20180410101700000000002308420865335822701","_score":1,"_source":{"timestamp":"2018-04-10T00:18:13.223Z","detalles":{"pais":"AU","cantidad":0,"idCliente":"0230842"}}}
{"_index":"ventas-2018.04.10","_type":"venta","_id":"20180410121800000000099999990862904794290","_score":1,"_source":{"timestamp":"2018-04-10T00:19:03.809Z","detalles":{"pais":"NZ","cantidad":0,"idCliente":"9999999"}}}
{"_index":"ventas-2018.04.10","_type":"venta","_id":"20180410102300000000099999990815335816542","_score":1,"_source":{"timestamp":"2018-04-10T00:24:05.275Z","detalles":{"pais":"AU","cantidad":0,"idCliente":"9999999"}}}
{"_index":"ventas-2018.04.10","_type":"venta","_id":"20180410102800000000002302582605335817622","_score":1,"_source":{"timestamp":"2018-04-10T00:29:39.973Z","detalles":{"pais":"AU","cantidad":0,"idCliente":"0230258"}}}
{"_index":"ventas-2018.04.10","_type":"venta","_id":"20180410121400000000099999990862904794282","_score":1,"_source":{"timestamp":"2018-04-10T00:15:22.201Z","detalles":{"pais":"NZ","cantidad":0,"idCliente":"9999999"}}}
{"_index":"ventas-2018.04.10","_type":"venta","_id":"20180410121500000000099999990862904794289","_score":1,"_source":{"timestamp":"2018-04-10T00:15:51.321Z","detalles":{"pais":"NZ","cantidad":0,"idCliente":"9999999"}}}
{"_index":"ventas-2018.04.10","_type":"venta","_id":"20180410101600000000002308420865335822698","_score":1,"_source":{"timestamp":"2018-04-10T00:17:05.947Z","detalles":{"pais":"AU","cantidad":0,"idCliente":"0230842"}}}
{"_index":"ventas-2018.04.10","_type":"venta","_id":"20180409204000000000096188110455323088319","_score":1,"_source":{"timestamp":"2018-04-10T00:41:21.302Z","detalles":{"pais":"BO","cantidad":311.6,"idCliente":"9618811"}}}
{"_index":"ventas-2018.04.10","_type":"venta","_id":"20180410104400000000099999995555335823614","_score":1,"_source":{"timestamp":"2018-04-10T00:44:53.896Z","detalles":{"pais":"AU","cantidad":6076.9,"idCliente":"9999999"}}}
{"_index":"ventas-2018.04.10","_type":"venta","_id":"20180410104600000000099999997955335823615","_score":1,"_source":{"timestamp":"2018-04-10T00:47:14.374Z","detalles":{"pais":"AU","cantidad":793.39,"idCliente":"9999999"}}}
{"_index":"ventas-2018.04.10","_type":"venta","_id":"20180410030200000000092228705551303469161","_score":1,"_source":{"timestamp":"2018-04-10T00:03:20.075Z","detalles":{"pais":"RU","cantidad":5449,"idCliente":"9222870"}}}
{"_index":"ventas-2018.04.10","_type":"venta","_id":"20180409200500000000096188110455323088315","_score":1,"_source":{"timestamp":"2018-04-10T00:05:41.201Z","detalles":{"pais":"BO","cantidad":0,"idCliente":"9618811"}}}
{"_index":"ventas-2018.04.10","_type":"venta","_id":"20180410105400000000002308420815335822709","_score":1,"_source":{"timestamp":"2018-04-10T00:55:00.532Z","detalles":{"pais":"AU","cantidad":0,"idCliente":"0230842"}}}
{"_index":"ventas-2018.04.10","_type":"venta","_id":"20180410105700000000002308427955335822713","_score":1,"_source":{"timestamp":"2018-04-10T00:57:47.565Z","detalles":{"pais":"AU","cantidad":1048.39,"idCliente":"0230842"}}}
{"_index":"ventas-2018.04.10","_type":"venta","_id":"20180410121500000000099999990862904794285","_score":1,"_source":{"timestamp":"2018-04-10T00:15:41.828Z","detalles":{"pais":"NZ","cantidad":0,"idCliente":"9999999"}}}
{"_index":"ventas-2018.04.10","_type":"venta","_id":"20180410121500000000099999990862904794287","_score":1,"_source":{"timestamp":"2018-04-10T00:15:46.405Z","detalles":{"pais":"NZ","cantidad":0,"idCliente":"9999999"}}}
{"_index":"ventas-2018.04.10","_type":"venta","_id":"20180410121800000000099999990862904794291","_score":1,"_source":{"timestamp":"2018-04-10T00:19:03.781Z","detalles":{"pais":"NZ","cantidad":0,"idCliente":"9999999"}}}
{"_index":"ventas-2018.04.10","_type":"venta","_id":"20180410102231000000000567420815746994994","_score":1,"_source":{"timestamp":"2018-04-10T00:23:12.449Z","detalles":{"pais":"AU","cantidad":891.65,"idCliente":"0056742"}}}
{"_index":"ventas-2018.04.10","_type":"venta","_id":"20180410102318000000000567420815746994995","_score":1,"_source":{"timestamp":"2018-04-10T00:23:58.830Z","detalles":{"pais":"AU","cantidad":891.65,"idCliente":"0056742"}}}
{"_index":"ventas-2018.04.10","_type":"venta","_id":"20180410102409000000000567420815746994999","_score":1,"_source":{"timestamp":"2018-04-10T00:24:50.806Z","detalles":{"pais":"AU","cantidad":91.1,"idCliente":"0056742"}}}
{"_index":"ventas-2018.04.10","_type":"venta","_id":"20180410102513000000000567420815746995001","_score":1,"_source":{"timestamp":"2018-04-10T00:25:54.553Z","detalles":{"pais":"AU","cantidad":91.1,"idCliente":"0056742"}}}
{"_index":"ventas-2018.04.10","_type":"venta","_id":"20180410105000000000099999995555335823617","_score":1,"_source":{"timestamp":"2018-04-10T00:51:30.351Z","detalles":{"pais":"AU","cantidad":2266,"idCliente":"9999999"}}}
{"_index":"ventas-2018.04.10","_type":"venta","_id":"20180410105220000000002355800815746994752","_score":1,"_source":{"timestamp":"2018-04-10T00:53:00.942Z","detalles":{"pais":"AU","cantidad":0,"idCliente":"0235580"}}}
{"_index":"ventas-2018.04.10","_type":"venta","_id":"20180410105220000000002355800815746994753","_score":1,"_source":{"timestamp":"2018-04-10T00:53:01.466Z","detalles":{"pais":"AU","cantidad":0,"idCliente":"0235580"}}}
{"_index":"ventas-2018.04.10","_type":"venta","_id":"20180410105200000000099999997955335823618","_score":1,"_source":{"timestamp":"2018-04-10T00:53:07.554Z","detalles":{"pais":"AU","cantidad":793.39,"idCliente":"9999999"}}}
{"_index":"ventas-2018.04.10","_type":"venta","_id":"20180410120800000000099999990861993174609","_score":1,"_source":{"timestamp":"2018-04-10T00:09:17.888Z","detalles":{"pais":"NZ","cantidad":0,"idCliente":"9999999"}}}
{"_index":"ventas-2018.04.10","_type":"venta","_id":"20180410100906000000002345460815746994967","_score":1,"_source":{"timestamp":"2018-04-10T00:09:46.073Z","detalles":{"pais":"AU","cantidad":1722.54,"idCliente":"0234546"}}}
{"_index":"ventas-2018.04.10","_type":"venta","_id":"20180410121000000000099999990861993174611","_score":1,"_source":{"timestamp":"2018-04-10T00:10:52.833Z","detalles":{"pais":"NZ","cantidad":0,"idCliente":"9999999"}}}
{"_index":"ventas-2018.04.10","_type":"venta","_id":"20180410101100000000099999990015335816540","_score":1,"_source":{"timestamp":"2018-04-10T00:12:10.303Z","detalles":{"pais":"AU","cantidad":0,"idCliente":"9999999"}}}
{"_index":"ventas-2018.04.10","_type":"venta","_id":"20180409201437000000099030091319020006704","_score":1,"_source":{"timestamp":"2018-04-10T00:15:16.157Z","detalles":{"pais":"JP","cantidad":429320,"idCliente":"9903009"}}}
{"_index":"ventas-2018.04.10","_type":"venta","_id":"20180410110700000000002308420815335822719","_score":1,"_source":{"timestamp":"2018-04-10T01:08:04.505Z","detalles":{"pais":"AU","cantidad":0,"idCliente":"0230842"}}}
{"_index":"ventas-2018.04.10","_type":"venta","_id":"20180410100900000000099999990555303505838","_score":1,"_source":{"timestamp":"2018-04-10T01:09:48.133Z","detalles":{"pais":"KR","cantidad":1284500,"idCliente":"9999999"}}}
{"_index":"ventas-2018.04.10","_type":"venta","_id":"20180410130945000000000568260815746919932","_score":1,"_source":{"timestamp":"2018-04-10T01:10:28.852Z","detalles":{"pais":"NZ","cantidad":0,"idCliente":"0056826"}}}
{"_index":"ventas-2018.04.10","_type":"venta","_id":"20180410030500000000019209876075190054575","_score":1,"_source":{"timestamp":"2018-04-10T00:05:45.166Z","detalles":{"pais":"FI","cantidad":1817.67,"idCliente":"1920987"}}}
{"_index":"ventas-2018.04.10","_type":"venta","_id":"20180410121100000000099999990861993174612","_score":1,"_source":{"timestamp":"2018-04-10T00:11:42.864Z","detalles":{"pais":"NZ","cantidad":0,"idCliente":"9999999"}}}
{"_index":"ventas-2018.04.10","_type":"venta","_id":"20180410121400000000099999990862904794283","_score":1,"_source":{"timestamp":"2018-04-10T00:15:22.263Z","detalles":{"pais":"NZ","cantidad":0,"idCliente":"9999999"}}}
{"_index":"ventas-2018.04.10","_type":"venta","_id":"20180410121500000000099999990862904794288","_score":1,"_source":{"timestamp":"2018-04-10T00:15:50.886Z","detalles":{"pais":"NZ","cantidad":0,"idCliente":"9999999"}}}
{"_index":"ventas-2018.04.10","_type":"venta","_id":"20180410101800000000099999990015335823612","_score":1,"_source":{"timestamp":"2018-04-10T00:19:06.604Z","detalles":{"pais":"AU","cantidad":0,"idCliente":"9999999"}}}
{"_index":"ventas-2018.04.10","_type":"venta","_id":"20180410101900000000099999990015335823613","_score":1,"_source":{"timestamp":"2018-04-10T00:20:11.218Z","detalles":{"pais":"AU","cantidad":1179.6,"idCliente":"9999999"}}}
{"_index":"ventas-2018.04.10","_type":"venta","_id":"20180410102104000000000567420815746994991","_score":1,"_source":{"timestamp":"2018-04-10T00:21:43.788Z","detalles":{"pais":"AU","cantidad":601.71,"idCliente":"0056742"}}}
{"_index":"ventas-2018.04.10","_type":"venta","_id":"20180410102300000000099999990813012698831","_score":1,"_source":{"timestamp":"2018-04-10T00:24:05.387Z","detalles":{"pais":"AU","cantidad":175,"idCliente":"9999999"}}}
{"_index":"ventas-2018.04.10","_type":"venta","_id":"20180410102409000000000567420815746994997","_score":1,"_source":{"timestamp":"2018-04-10T00:24:49.798Z","detalles":{"pais":"AU","cantidad":670.65,"idCliente":"0056742"}}}
{"_index":"ventas-2018.04.10","_type":"venta","_id":"20180410102504000000002355800815746994743","_score":1,"_source":{"timestamp":"2018-04-10T00:25:44.876Z","detalles":{"pais":"AU","cantidad":0,"idCliente":"0235580"}}}
{"_index":"ventas-2018.04.10","_type":"venta","_id":"20180409203400000000096188110455323088318","_score":1,"_source":{"timestamp":"2018-04-10T00:35:28.102Z","detalles":{"pais":"BO","cantidad":263.4,"idCliente":"9618811"}}}
{"_index":"ventas-2018.04.10","_type":"venta","_id":"20180410091100000000099999990015171515972","_score":1,"_source":{"timestamp":"2018-04-10T01:11:51.122Z","detalles":{"pais":"SG","cantidad":0,"idCliente":"9999999"}}}
{"_index":"ventas-2018.04.10","_type":"venta","_id":"20180410104200000000002302581764972521116","_score":1,"_source":{"timestamp":"2018-04-10T00:43:33.411Z","detalles":{"pais":"AU","cantidad":2770.18,"idCliente":"0230258"}}}
{"_index":"ventas-2018.04.10","_type":"venta","_id":"20180409204400000000096188110455323088320","_score":1,"_source":{"timestamp":"2018-04-10T00:45:12.677Z","detalles":{"pais":"BO","cantidad":311.6,"idCliente":"9618811"}}}
{"_index":"ventas-2018.04.10","_type":"venta","_id":"20180410104712000000002355800815746994744","_score":1,"_source":{"timestamp":"2018-04-10T00:47:53.915Z","detalles":{"pais":"AU","cantidad":0,"idCliente":"0235580"}}}
{"_index":"ventas-2018.04.10","_type":"venta","_id":"20180410104751000000002355800815746994749","_score":1,"_source":{"timestamp":"2018-04-10T00:48:32.544Z","detalles":{"pais":"AU","cantidad":0,"idCliente":"0235580"}}}
{"_index":"ventas-2018.04.10","_type":"venta","_id":"20180409204800000000096188110455323088321","_score":1,"_source":{"timestamp":"2018-04-10T00:48:51.005Z","detalles":{"pais":"BO","cantidad":311.6,"idCliente":"9618811"}}}
{"_index":"ventas-2018.04.10","_type":"venta","_id":"20180409205000000000096188110455323088322","_score":1,"_source":{"timestamp":"2018-04-10T00:51:12.115Z","detalles":{"pais":"BO","cantidad":311.6,"idCliente":"9618811"}}}
{"_index":"ventas-2018.04.10","_type":"venta","_id":"20180410095300000000099999999885303505836","_score":1,"_source":{"timestamp":"2018-04-10T00:54:11.305Z","detalles":{"pais":"KR","cantidad":1233400,"idCliente":"9999999"}}}
{"_index":"ventas-2018.04.10","_type":"venta","_id":"20180410105400000000002302587955335817623","_score":1,"_source":{"timestamp":"2018-04-10T00:54:41.795Z","detalles":{"pais":"AU","cantidad":1814.59,"idCliente":"0230258"}}}
{"_index":"ventas-2018.04.10","_type":"venta","_id":"20180410110600000000002308420815335822717","_score":1,"_source":{"timestamp":"2018-04-10T01:06:57.283Z","detalles":{"pais":"AU","cantidad":0,"idCliente":"0230842"}}}
{"_index":"ventas-2018.04.10","_type":"venta","_id":"20180410103900000000099999990815335816544","_score":1,"_source":{"timestamp":"2018-04-10T00:40:20.843Z","detalles":{"pais":"AU","cantidad":0,"idCliente":"9999999"}}}
{"_index":"ventas-2018.04.10","_type":"venta","_id":"20180409214100000000099999990015184165507","_score":1,"_source":{"timestamp":"2018-04-10T00:42:15.309Z","detalles":{"pais":"UY","cantidad":846.07,"idCliente":"9999999"}}}
