{"_index":"ventas-2018.02.02","_type":"venta","_id":"20180202102100000000042212840725741437931","_score":1,"_source":{"timestamp":"2018-02-02T07:22:23.032Z","detalles":{"pais":"KW","cantidad":79.15,"idCliente":"4221284"}}}
{"_index":"ventas-2018.02.02","_type":"venta","_id":"20180201232000000000061854650145702285252","_score":1,"_source":{"timestamp":"2018-02-02T07:22:05.741Z","detalles":{"pais":"CA","cantidad":3459.91,"idCliente":"6185465"}}}
{"_index":"ventas-2018.02.02","_type":"venta","_id":"20180201232100000000061854650145702285254","_score":1,"_source":{"timestamp":"2018-02-02T07:22:18.782Z","detalles":{"pais":"CA","cantidad":2833.85,"idCliente":"6185465"}}}
{"_index":"ventas-2018.02.02","_type":"venta","_id":"20180202022126000000067500671765746814251","_score":1,"_source":{"timestamp":"2018-02-02T07:22:37.693Z","detalles":{"pais":"CA","cantidad":0,"idCliente":"6750067"}}}
{"_index":"ventas-2018.02.02","_type":"venta","_id":"20180202125215000000014344702205746705712","_score":1,"_source":{"timestamp":"2018-02-02T07:23:23.712Z","detalles":{"pais":"IN","cantidad":191564,"idCliente":"1434470"}}}
{"_index":"ventas-2018.02.02","_type":"venta","_id":"20180202022200000000069799110015702260748","_score":1,"_source":{"timestamp":"2018-02-02T07:23:21.763Z","detalles":{"pais":"CA","cantidad":0,"idCliente":"6979911"}}}
{"_index":"ventas-2018.02.02","_type":"venta","_id":"20180202012100000000099999990015702285021","_score":1,"_source":{"timestamp":"2018-02-02T07:23:01.830Z","detalles":{"pais":"CA","cantidad":722.94,"idCliente":"9999999"}}}
{"_index":"ventas-2018.02.02","_type":"venta","_id":"20180202022414000000067500671765746814256","_score":1,"_source":{"timestamp":"2018-02-02T07:25:26.695Z","detalles":{"pais":"CA","cantidad":0,"idCliente":"6750067"}}}
{"_index":"ventas-2018.02.02","_type":"venta","_id":"20180202022331000000067500671765746814254","_score":1,"_source":{"timestamp":"2018-02-02T07:24:44.046Z","detalles":{"pais":"CA","cantidad":0,"idCliente":"6750067"}}}
{"_index":"ventas-2018.02.02","_type":"venta","_id":"20180202182400000000099999997955625171426","_score":1,"_source":{"timestamp":"2018-02-02T07:25:28.916Z","detalles":{"pais":"AU","cantidad":1505.99,"idCliente":"9999999"}}}
{"_index":"ventas-2018.02.02","_type":"venta","_id":"20180202082200000000020270942201827755358","_score":1,"_source":{"timestamp":"2018-02-02T07:23:38.873Z","detalles":{"pais":"FR","cantidad":750,"idCliente":"2027094"}}}
{"_index":"ventas-2018.02.02","_type":"venta","_id":"20180202072200000000099999990721995163371","_score":1,"_source":{"timestamp":"2018-02-02T07:23:37.868Z","detalles":{"pais":"GB","cantidad":224,"idCliente":"9999999"}}}
{"_index":"ventas-2018.02.02","_type":"venta","_id":"20180202022300000000069799110015702260749","_score":1,"_source":{"timestamp":"2018-02-02T07:24:08.820Z","detalles":{"pais":"CA","cantidad":0,"idCliente":"6979911"}}}
{"_index":"ventas-2018.02.02","_type":"venta","_id":"20180202012300000000099999998385702285023","_score":1,"_source":{"timestamp":"2018-02-02T07:24:34.223Z","detalles":{"pais":"CA","cantidad":1927.59,"idCliente":"9999999"}}}
{"_index":"ventas-2018.02.02","_type":"venta","_id":"20180202022357000000091224651255194087211","_score":1,"_source":{"timestamp":"2018-02-02T07:25:03.463Z","detalles":{"pais":"GB","cantidad":60000,"idCliente":"9122465"}}}
{"_index":"ventas-2018.02.02","_type":"venta","_id":"20180202072400000000099999990721995163372","_score":1,"_source":{"timestamp":"2018-02-02T07:25:07.936Z","detalles":{"pais":"GB","cantidad":67.25,"idCliente":"9999999"}}}
{"_index":"ventas-2018.02.02","_type":"venta","_id":"20171212161225000000014537421259902025906","_score":1,"_source":{"timestamp":"2018-02-02T07:25:34.401Z","detalles":{"pais":"GB","cantidad":0.03,"idCliente":"1453742"}}}
{"_index":"ventas-2018.02.02","_type":"venta","_id":"20180202082200000000020270942201827755360","_score":1,"_source":{"timestamp":"2018-02-02T07:23:38.888Z","detalles":{"pais":"FR","cantidad":750,"idCliente":"2027094"}}}
{"_index":"ventas-2018.02.02","_type":"venta","_id":"20180202012300000000099999998385702285022","_score":1,"_source":{"timestamp":"2018-02-02T07:24:21.543Z","detalles":{"pais":"CA","cantidad":1500.45,"idCliente":"9999999"}}}
{"_index":"ventas-2018.02.02","_type":"venta","_id":"20180202022331000000067500671765746814253","_score":1,"_source":{"timestamp":"2018-02-02T07:24:43.306Z","detalles":{"pais":"CA","cantidad":0,"idCliente":"6750067"}}}
{"_index":"ventas-2018.02.02","_type":"venta","_id":"20180202012400000000099999998385702286000","_score":1,"_source":{"timestamp":"2018-02-02T07:25:25.963Z","detalles":{"pais":"CA","cantidad":0,"idCliente":"9999999"}}}
{"_index":"ventas-2018.02.02","_type":"venta","_id":"20171231125959000000099999994756475647568","_score":1,"_source":{"timestamp":"2018-02-02T07:25:34.121Z","detalles":{"pais":"FR","cantidad":0,"idCliente":"9999999"}}}
{"_index":"ventas-2018.02.02","_type":"venta","_id":"20180202022045000000067500671765746814249","_score":1,"_source":{"timestamp":"2018-02-02T07:21:57.970Z","detalles":{"pais":"CA","cantidad":0,"idCliente":"6750067"}}}
{"_index":"ventas-2018.02.02","_type":"venta","_id":"20180201232100000000061854650145702285253","_score":1,"_source":{"timestamp":"2018-02-02T07:22:13.036Z","detalles":{"pais":"CA","cantidad":476.83,"idCliente":"6185465"}}}
{"_index":"ventas-2018.02.02","_type":"venta","_id":"20180202162100000000099999992051824515462","_score":1,"_source":{"timestamp":"2018-02-02T07:22:51.779Z","detalles":{"pais":"JP","cantidad":7350,"idCliente":"9999999"}}}
{"_index":"ventas-2018.02.02","_type":"venta","_id":"20180202182200000000099999997955625171425","_score":1,"_source":{"timestamp":"2018-02-02T07:23:16.440Z","detalles":{"pais":"AU","cantidad":0,"idCliente":"9999999"}}}
{"_index":"ventas-2018.02.02","_type":"venta","_id":"20180202082200000000020270942201827755364","_score":1,"_source":{"timestamp":"2018-02-02T07:23:38.510Z","detalles":{"pais":"FR","cantidad":750,"idCliente":"2027094"}}}
{"_index":"ventas-2018.02.02","_type":"venta","_id":"20180202182300000000002307536075625171020","_score":1,"_source":{"timestamp":"2018-02-02T07:24:13.153Z","detalles":{"pais":"AU","cantidad":915.9,"idCliente":"0230753"}}}
{"_index":"ventas-2018.02.02","_type":"venta","_id":"20180202102200000000092226756285764819287","_score":1,"_source":{"timestamp":"2018-02-02T07:24:01.031Z","detalles":{"pais":"RU","cantidad":9030,"idCliente":"9222675"}}}
{"_index":"ventas-2018.02.02","_type":"venta","_id":"20180202022400000000069799110015702285750","_score":1,"_source":{"timestamp":"2018-02-02T07:25:22.958Z","detalles":{"pais":"CA","cantidad":0,"idCliente":"6979911"}}}
{"_index":"ventas-2018.02.02","_type":"venta","_id":"20180202022045000000067500671765746814250","_score":1,"_source":{"timestamp":"2018-02-02T07:21:58.683Z","detalles":{"pais":"CA","cantidad":0,"idCliente":"6750067"}}}
{"_index":"ventas-2018.02.02","_type":"venta","_id":"20180202022000000000069799110725702260746","_score":1,"_source":{"timestamp":"2018-02-02T07:21:57.340Z","detalles":{"pais":"CA","cantidad":774.23,"idCliente":"6979911"}}}
{"_index":"ventas-2018.02.02","_type":"venta","_id":"20180202022126000000067500671765746814252","_score":1,"_source":{"timestamp":"2018-02-02T07:22:38.373Z","detalles":{"pais":"CA","cantidad":0,"idCliente":"6750067"}}}
{"_index":"ventas-2018.02.02","_type":"venta","_id":"20180202162100000000099999992054164242398","_score":1,"_source":{"timestamp":"2018-02-02T07:22:51.390Z","detalles":{"pais":"JP","cantidad":12630,"idCliente":"9999999"}}}
{"_index":"ventas-2018.02.02","_type":"venta","_id":"20180202052100000000057995740015924392632","_score":1,"_source":{"timestamp":"2018-02-02T07:22:47.991Z","detalles":{"pais":"BR","cantidad":100,"idCliente":"5799574"}}}
{"_index":"ventas-2018.02.02","_type":"venta","_id":"20180202082200000000020270942201827755362","_score":1,"_source":{"timestamp":"2018-02-02T07:23:38.668Z","detalles":{"pais":"FR","cantidad":750,"idCliente":"2027094"}}}
{"_index":"ventas-2018.02.02","_type":"venta","_id":"20180202022414000000067500671765746814255","_score":1,"_source":{"timestamp":"2018-02-02T07:25:26.012Z","detalles":{"pais":"CA","cantidad":0,"idCliente":"6750067"}}}
