{"_index":"ventas-2018.02.09","_type":"venta","_id":"20180209134450000000004566541575746782419","_score":1,"_source":{"timestamp":"2018-02-09T10:44:56.688Z","detalles":{"pais":"QA","cantidad":7355,"idCliente":"0456654"}}}
{"_index":"ventas-2018.02.09","_type":"venta","_id":"20180209082600000000022222221259999004567","_score":1,"_source":{"timestamp":"2018-02-09T10:47:46.175Z","detalles":{"pais":"GB","cantidad":0,"idCliente":"2222222"}}}
{"_index":"ventas-2018.02.09","_type":"venta","_id":"20180209134728000000004566541575746782426","_score":1,"_source":{"timestamp":"2018-02-09T10:47:34.958Z","detalles":{"pais":"QA","cantidad":6055,"idCliente":"0456654"}}}
{"_index":"ventas-2018.02.09","_type":"venta","_id":"20180209115637000000023220802205746796692","_score":1,"_source":{"timestamp":"2018-02-09T10:56:41.232Z","detalles":{"pais":"DE","cantidad":23.92,"idCliente":"2322080"}}}
{"_index":"ventas-2018.02.09","_type":"venta","_id":"20180209035641000000005708818385746815020","_score":1,"_source":{"timestamp":"2018-02-09T10:56:50.206Z","detalles":{"pais":"CA","cantidad":0,"idCliente":"0570881"}}}
{"_index":"ventas-2018.02.09","_type":"venta","_id":"20180209135059000000004566541575746782435","_score":1,"_source":{"timestamp":"2018-02-09T10:51:06.449Z","detalles":{"pais":"QA","cantidad":7355,"idCliente":"0456654"}}}
{"_index":"ventas-2018.02.09","_type":"venta","_id":"20180209135208000000004566541575746782436","_score":1,"_source":{"timestamp":"2018-02-09T10:52:15.097Z","detalles":{"pais":"QA","cantidad":6055,"idCliente":"0456654"}}}
{"_index":"ventas-2018.02.09","_type":"venta","_id":"20180209135416000000004566541575746782441","_score":1,"_source":{"timestamp":"2018-02-09T10:54:23.518Z","detalles":{"pais":"QA","cantidad":7355,"idCliente":"0456654"}}}
{"_index":"ventas-2018.02.09","_type":"venta","_id":"20180209120406000000023220802205746807820","_score":1,"_source":{"timestamp":"2018-02-09T11:04:11.873Z","detalles":{"pais":"DE","cantidad":4792.34,"idCliente":"2322080"}}}
{"_index":"ventas-2018.02.09","_type":"venta","_id":"20180209040220000000005708818385746815029","_score":1,"_source":{"timestamp":"2018-02-09T11:02:28.021Z","detalles":{"pais":"CA","cantidad":0,"idCliente":"0570881"}}}
{"_index":"ventas-2018.02.09","_type":"venta","_id":"20180209040915000000005708818385746815042","_score":1,"_source":{"timestamp":"2018-02-09T11:09:24.189Z","detalles":{"pais":"CA","cantidad":0,"idCliente":"0570881"}}}
{"_index":"ventas-2018.02.09","_type":"venta","_id":"20180209041918000000005708818385746815057","_score":1,"_source":{"timestamp":"2018-02-09T11:19:25.616Z","detalles":{"pais":"CA","cantidad":0,"idCliente":"0570881"}}}
{"_index":"ventas-2018.02.09","_type":"venta","_id":"20180209061742000000007560680067095895649","_score":1,"_source":{"timestamp":"2018-02-09T11:17:42.835Z","detalles":{"pais":"US","cantidad":5488.01,"idCliente":"0756068"}}}
{"_index":"ventas-2018.02.09","_type":"venta","_id":"20180209042043000000005708818385746815061","_score":1,"_source":{"timestamp":"2018-02-09T11:20:51.261Z","detalles":{"pais":"CA","cantidad":0,"idCliente":"0570881"}}}
{"_index":"ventas-2018.02.09","_type":"venta","_id":"20180209041947000000005708818385746815060","_score":1,"_source":{"timestamp":"2018-02-09T11:19:55.619Z","detalles":{"pais":"CA","cantidad":0,"idCliente":"0570881"}}}
{"_index":"ventas-2018.02.09","_type":"venta","_id":"20180209112813000000014357771765314367785","_score":1,"_source":{"timestamp":"2018-02-09T11:28:14.188Z","detalles":{"pais":"IN","cantidad":1444,"idCliente":"1435777"}}}
{"_index":"ventas-2018.02.09","_type":"venta","_id":"20180209113536000000024306110815795486452","_score":1,"_source":{"timestamp":"2018-02-09T11:35:37.088Z","detalles":{"pais":"AU","cantidad":0,"idCliente":"2430611"}}}
{"_index":"ventas-2018.02.09","_type":"venta","_id":"20180209113729000000086212820985634805724","_score":1,"_source":{"timestamp":"2018-02-09T11:37:29.581Z","detalles":{"pais":"AE","cantidad":385,"idCliente":"8621282"}}}
{"_index":"ventas-2018.02.09","_type":"venta","_id":"20180209113626000000091281463905942913578","_score":1,"_source":{"timestamp":"2018-02-09T11:36:26.933Z","detalles":{"pais":"GB","cantidad":465.7,"idCliente":"9128146"}}}
{"_index":"ventas-2018.02.09","_type":"venta","_id":"20180209123326000000000954650825746807791","_score":1,"_source":{"timestamp":"2018-02-09T11:33:41.624Z","detalles":{"pais":"DE","cantidad":0,"idCliente":"0095465"}}}
{"_index":"ventas-2018.02.09","_type":"venta","_id":"20180209085543000000099999990725314367536","_score":1,"_source":{"timestamp":"2018-02-09T08:55:43.852Z","detalles":{"pais":"IN","cantidad":22878,"idCliente":"9999999"}}}
{"_index":"ventas-2018.02.09","_type":"venta","_id":"20180209084759000000006512370869902720092","_score":1,"_source":{"timestamp":"2018-02-09T08:47:59.877Z","detalles":{"pais":"GB","cantidad":703.4,"idCliente":"0651237"}}}
{"_index":"ventas-2018.02.09","_type":"venta","_id":"20180209100050000000000954657245746807705","_score":1,"_source":{"timestamp":"2018-02-09T09:01:13.246Z","detalles":{"pais":"DE","cantidad":0,"idCliente":"0095465"}}}
{"_index":"ventas-2018.02.09","_type":"venta","_id":"20180209120216000000088200192205746732499","_score":1,"_source":{"timestamp":"2018-02-09T09:03:11.695Z","detalles":{"pais":"TR","cantidad":0,"idCliente":"8820019"}}}
{"_index":"ventas-2018.02.09","_type":"venta","_id":"20180209101159000000000954652575746807718","_score":1,"_source":{"timestamp":"2018-02-09T09:12:09.602Z","detalles":{"pais":"DE","cantidad":0,"idCliente":"0095465"}}}
{"_index":"ventas-2018.02.09","_type":"venta","_id":"20180209102230000000000954650825746807726","_score":1,"_source":{"timestamp":"2018-02-09T09:22:40.544Z","detalles":{"pais":"DE","cantidad":0,"idCliente":"0095465"}}}
{"_index":"ventas-2018.02.09","_type":"venta","_id":"20180209102453000000000954650825746807735","_score":1,"_source":{"timestamp":"2018-02-09T09:25:03.651Z","detalles":{"pais":"DE","cantidad":0,"idCliente":"0095465"}}}
{"_index":"ventas-2018.02.09","_type":"venta","_id":"20180209103316000000000954650825746807748","_score":1,"_source":{"timestamp":"2018-02-09T09:33:24.994Z","detalles":{"pais":"DE","cantidad":0,"idCliente":"0095465"}}}
{"_index":"ventas-2018.02.09","_type":"venta","_id":"20180209182900000000099030092329999936183","_score":1,"_source":{"timestamp":"2018-02-09T09:29:40.832Z","detalles":{"pais":"JP","cantidad":8420,"idCliente":"9903009"}}}
{"_index":"ventas-2018.02.09","_type":"venta","_id":"20180209093154000000099999990725314367537","_score":1,"_source":{"timestamp":"2018-02-09T09:31:54.551Z","detalles":{"pais":"IN","cantidad":22878,"idCliente":"9999999"}}}
{"_index":"ventas-2018.02.09","_type":"venta","_id":"20180209113237000000027218400505746684879","_score":1,"_source":{"timestamp":"2018-02-09T09:32:40.193Z","detalles":{"pais":"GR","cantidad":40.94,"idCliente":"2721840"}}}
{"_index":"ventas-2018.02.09","_type":"venta","_id":"20180209103742000000000954650825746807752","_score":1,"_source":{"timestamp":"2018-02-09T09:37:54.094Z","detalles":{"pais":"DE","cantidad":0,"idCliente":"0095465"}}}
{"_index":"ventas-2018.02.09","_type":"venta","_id":"20180209043925000000035165000067095908883","_score":1,"_source":{"timestamp":"2018-02-09T09:39:25.924Z","detalles":{"pais":"US","cantidad":2560.6,"idCliente":"3516500"}}}
{"_index":"ventas-2018.02.09","_type":"venta","_id":"20180209103515000000000951752205746807405","_score":1,"_source":{"timestamp":"2018-02-09T09:35:18.281Z","detalles":{"pais":"DE","cantidad":154.94,"idCliente":"0095175"}}}
{"_index":"ventas-2018.02.09","_type":"venta","_id":"20180209103450000000000954650825746807750","_score":1,"_source":{"timestamp":"2018-02-09T09:35:01.769Z","detalles":{"pais":"DE","cantidad":0,"idCliente":"0095465"}}}
{"_index":"ventas-2018.02.09","_type":"venta","_id":"20180209123802000000088200192575746732501","_score":1,"_source":{"timestamp":"2018-02-09T09:38:12.609Z","detalles":{"pais":"TR","cantidad":0,"idCliente":"8820019"}}}
{"_index":"ventas-2018.02.09","_type":"venta","_id":"20180209024149000000060960260165746815328","_score":1,"_source":{"timestamp":"2018-02-09T09:41:54.776Z","detalles":{"pais":"CA","cantidad":0,"idCliente":"6096026"}}}
{"_index":"ventas-2018.02.09","_type":"venta","_id":"20180209024336000000060960260165746815331","_score":1,"_source":{"timestamp":"2018-02-09T09:43:42.010Z","detalles":{"pais":"CA","cantidad":0,"idCliente":"6096026"}}}
{"_index":"ventas-2018.02.09","_type":"venta","_id":"20180209024409000000060960260165746815333","_score":1,"_source":{"timestamp":"2018-02-09T09:44:15.214Z","detalles":{"pais":"CA","cantidad":0,"idCliente":"6096026"}}}
{"_index":"ventas-2018.02.09","_type":"venta","_id":"20180209094239000000099999990725314367542","_score":1,"_source":{"timestamp":"2018-02-09T09:42:39.971Z","detalles":{"pais":"IN","cantidad":22878,"idCliente":"9999999"}}}
{"_index":"ventas-2018.02.09","_type":"venta","_id":"20180209204138000000000567420815746855501","_score":1,"_source":{"timestamp":"2018-02-09T09:41:43.012Z","detalles":{"pais":"AU","cantidad":1331.34,"idCliente":"0056742"}}}
{"_index":"ventas-2018.02.09","_type":"venta","_id":"20171207034700000000022222221252902116932","_score":1,"_source":{"timestamp":"2018-02-09T09:49:56.233Z","detalles":{"pais":"GB","cantidad":100000,"idCliente":"2222222"}}}
{"_index":"ventas-2018.02.09","_type":"venta","_id":"20180209024600000000060960260165746815335","_score":1,"_source":{"timestamp":"2018-02-09T09:46:06.236Z","detalles":{"pais":"CA","cantidad":0,"idCliente":"6096026"}}}
{"_index":"ventas-2018.02.09","_type":"venta","_id":"20180209094737000000099999992295314367545","_score":1,"_source":{"timestamp":"2018-02-09T09:47:38.231Z","detalles":{"pais":"IN","cantidad":11001,"idCliente":"9999999"}}}
{"_index":"ventas-2018.02.09","_type":"venta","_id":"20180209025052000000060960260165746815342","_score":1,"_source":{"timestamp":"2018-02-09T09:50:57.389Z","detalles":{"pais":"CA","cantidad":0,"idCliente":"6096026"}}}
{"_index":"ventas-2018.02.09","_type":"venta","_id":"20180209045151000000099030090989020006376","_score":1,"_source":{"timestamp":"2018-02-09T09:51:51.793Z","detalles":{"pais":"JP","cantidad":52800,"idCliente":"9903009"}}}
{"_index":"ventas-2018.02.09","_type":"venta","_id":"20180209125538000000004566541575746782389","_score":1,"_source":{"timestamp":"2018-02-09T09:55:45.016Z","detalles":{"pais":"QA","cantidad":6055,"idCliente":"0456654"}}}
{"_index":"ventas-2018.02.09","_type":"venta","_id":"20180209095205000000013305210815795486258","_score":1,"_source":{"timestamp":"2018-02-09T09:52:06.129Z","detalles":{"pais":"AU","cantidad":799.01,"idCliente":"1330521"}}}
{"_index":"ventas-2018.02.09","_type":"venta","_id":"20180209125834000000004566541575746782394","_score":1,"_source":{"timestamp":"2018-02-09T09:58:39.909Z","detalles":{"pais":"QA","cantidad":7355,"idCliente":"0456654"}}}
{"_index":"ventas-2018.02.09","_type":"venta","_id":"20180209205739000000002345460815746855490","_score":1,"_source":{"timestamp":"2018-02-09T09:57:44.639Z","detalles":{"pais":"AU","cantidad":0,"idCliente":"0234546"}}}
{"_index":"ventas-2018.02.09","_type":"venta","_id":"20180209100205000000099999990725314367553","_score":1,"_source":{"timestamp":"2018-02-09T10:02:06.150Z","detalles":{"pais":"IN","cantidad":2205,"idCliente":"9999999"}}}
{"_index":"ventas-2018.02.09","_type":"venta","_id":"20180209050341000000099003961259020013035","_score":1,"_source":{"timestamp":"2018-02-09T10:03:42.079Z","detalles":{"pais":"JP","cantidad":0,"idCliente":"9900396"}}}
{"_index":"ventas-2018.02.09","_type":"venta","_id":"20180209050217000000034942380657095838251","_score":1,"_source":{"timestamp":"2018-02-09T10:02:17.773Z","detalles":{"pais":"US","cantidad":1703.4,"idCliente":"3494238"}}}
{"_index":"ventas-2018.02.09","_type":"venta","_id":"20180209110747000000009518012205745924981","_score":1,"_source":{"timestamp":"2018-02-09T10:07:53.115Z","detalles":{"pais":"ES","cantidad":0,"idCliente":"0951801"}}}
{"_index":"ventas-2018.02.09","_type":"venta","_id":"20180209230748000000000568260815746207991","_score":1,"_source":{"timestamp":"2018-02-09T10:07:55.313Z","detalles":{"pais":"NZ","cantidad":456.1,"idCliente":"0056826"}}}
{"_index":"ventas-2018.02.09","_type":"venta","_id":"20180209230656000000000568260815746207987","_score":1,"_source":{"timestamp":"2018-02-09T10:07:03.688Z","detalles":{"pais":"NZ","cantidad":0,"idCliente":"0056826"}}}
{"_index":"ventas-2018.02.09","_type":"venta","_id":"20180209210453000000002345460815746855531","_score":1,"_source":{"timestamp":"2018-02-09T10:04:58.814Z","detalles":{"pais":"AU","cantidad":0,"idCliente":"0234546"}}}
{"_index":"ventas-2018.02.09","_type":"venta","_id":"20180209111109000000000954652205746807757","_score":1,"_source":{"timestamp":"2018-02-09T10:11:20.809Z","detalles":{"pais":"DE","cantidad":0,"idCliente":"0095465"}}}
{"_index":"ventas-2018.02.09","_type":"venta","_id":"20180209050942000000035165000067095908886","_score":1,"_source":{"timestamp":"2018-02-09T10:09:43.273Z","detalles":{"pais":"US","cantidad":3826.41,"idCliente":"3516500"}}}
{"_index":"ventas-2018.02.09","_type":"venta","_id":"20180209111902000000000954657245746807761","_score":1,"_source":{"timestamp":"2018-02-09T10:19:12.919Z","detalles":{"pais":"DE","cantidad":0,"idCliente":"0095465"}}}
{"_index":"ventas-2018.02.09","_type":"venta","_id":"20180209052812000000035165000067095908889","_score":1,"_source":{"timestamp":"2018-02-09T10:28:12.594Z","detalles":{"pais":"US","cantidad":5488.01,"idCliente":"3516500"}}}
{"_index":"ventas-2018.02.09","_type":"venta","_id":"20180209102237000000002343620815794758519","_score":1,"_source":{"timestamp":"2018-02-09T10:22:37.796Z","detalles":{"pais":"AU","cantidad":1598.01,"idCliente":"0234362"}}}
{"_index":"ventas-2018.02.09","_type":"venta","_id":"20180209133511000000088200197245746732504","_score":1,"_source":{"timestamp":"2018-02-09T10:35:20.096Z","detalles":{"pais":"TR","cantidad":0,"idCliente":"8820019"}}}
{"_index":"ventas-2018.02.09","_type":"venta","_id":"20180209134107000000004566541575746782411","_score":1,"_source":{"timestamp":"2018-02-09T10:41:13.933Z","detalles":{"pais":"QA","cantidad":7355,"idCliente":"0456654"}}}
{"_index":"ventas-2018.02.09","_type":"venta","_id":"20180209113903000000000951752205746807410","_score":1,"_source":{"timestamp":"2018-02-09T10:39:09.102Z","detalles":{"pais":"DE","cantidad":1168.07,"idCliente":"0095175"}}}
{"_index":"ventas-2018.02.09","_type":"venta","_id":"20180209134305000000004566541575746782414","_score":1,"_source":{"timestamp":"2018-02-09T10:43:11.102Z","detalles":{"pais":"QA","cantidad":6055,"idCliente":"0456654"}}}
{"_index":"ventas-2018.02.09","_type":"venta","_id":"20180209064743000000057270061762524534642","_score":1,"_source":{"timestamp":"2018-02-09T11:47:44.394Z","detalles":{"pais":"NL","cantidad":1642.62,"idCliente":"5727006"}}}
{"_index":"ventas-2018.02.09","_type":"venta","_id":"20180209065125000000067500671765746815238","_score":1,"_source":{"timestamp":"2018-02-09T11:51:33.619Z","detalles":{"pais":"CA","cantidad":0,"idCliente":"6750067"}}}
{"_index":"ventas-2018.02.09","_type":"venta","_id":"20180209171914000000014344701765746706160","_score":1,"_source":{"timestamp":"2018-02-09T11:49:17.636Z","detalles":{"pais":"IN","cantidad":16444,"idCliente":"1434470"}}}
{"_index":"ventas-2018.02.09","_type":"venta","_id":"20180209125822000000009518012575745924984","_score":1,"_source":{"timestamp":"2018-02-09T11:58:27.523Z","detalles":{"pais":"ES","cantidad":0,"idCliente":"0951801"}}}
{"_index":"ventas-2018.02.09","_type":"venta","_id":"20180209125045000000000951752201817049354","_score":1,"_source":{"timestamp":"2018-02-09T11:50:46.261Z","detalles":{"pais":"DE","cantidad":0,"idCliente":"0095175"}}}
{"_index":"ventas-2018.02.09","_type":"venta","_id":"20180209071522000000035165000067095908919","_score":1,"_source":{"timestamp":"2018-02-09T12:15:22.634Z","detalles":{"pais":"US","cantidad":5488.01,"idCliente":"3516500"}}}
{"_index":"ventas-2018.02.09","_type":"venta","_id":"20180209071202000000034942380017095838256","_score":1,"_source":{"timestamp":"2018-02-09T12:12:03.414Z","detalles":{"pais":"US","cantidad":3072.81,"idCliente":"3494238"}}}
{"_index":"ventas-2018.02.09","_type":"venta","_id":"20180209070849000000035165000457095908918","_score":1,"_source":{"timestamp":"2018-02-09T12:08:50.606Z","detalles":{"pais":"US","cantidad":2508.4,"idCliente":"3516500"}}}
{"_index":"ventas-2018.02.09","_type":"venta","_id":"20180209131443000000023220807245746807823","_score":1,"_source":{"timestamp":"2018-02-09T12:14:48.652Z","detalles":{"pais":"DE","cantidad":792.7,"idCliente":"2322080"}}}
{"_index":"ventas-2018.02.09","_type":"venta","_id":"20180209075900000000000945788385746815227","_score":1,"_source":{"timestamp":"2018-02-09T12:59:12.995Z","detalles":{"pais":"CA","cantidad":0,"idCliente":"0094578"}}}
{"_index":"ventas-2018.02.09","_type":"venta","_id":"20180209235736000000002345460815746855541","_score":1,"_source":{"timestamp":"2018-02-09T12:57:40.691Z","detalles":{"pais":"AU","cantidad":799.01,"idCliente":"0234546"}}}
{"_index":"ventas-2018.02.09","_type":"venta","_id":"20180209135741000000009518012205745925014","_score":1,"_source":{"timestamp":"2018-02-09T12:57:46.072Z","detalles":{"pais":"ES","cantidad":0,"idCliente":"0951801"}}}
{"_index":"ventas-2018.02.09","_type":"venta","_id":"20180209075258000000000945788385746815225","_score":1,"_source":{"timestamp":"2018-02-09T12:53:05.323Z","detalles":{"pais":"CA","cantidad":0,"idCliente":"0094578"}}}
{"_index":"ventas-2018.02.09","_type":"venta","_id":"20180209130027000000099999990725314367568","_score":1,"_source":{"timestamp":"2018-02-09T13:00:27.775Z","detalles":{"pais":"IN","cantidad":18010,"idCliente":"9999999"}}}
{"_index":"ventas-2018.02.09","_type":"venta","_id":"20180209235421000000002345460815746855540","_score":1,"_source":{"timestamp":"2018-02-09T12:54:28.518Z","detalles":{"pais":"AU","cantidad":2513.28,"idCliente":"0234546"}}}
{"_index":"ventas-2018.02.09","_type":"venta","_id":"20180209140312000000009518012575745925017","_score":1,"_source":{"timestamp":"2018-02-09T13:03:18.428Z","detalles":{"pais":"ES","cantidad":0,"idCliente":"0951801"}}}
{"_index":"ventas-2018.02.09","_type":"venta","_id":"20180209081158000000023268581765693911715","_score":1,"_source":{"timestamp":"2018-02-09T13:11:59.333Z","detalles":{"pais":"DE","cantidad":4088,"idCliente":"2326858"}}}
{"_index":"ventas-2018.02.09","_type":"venta","_id":"20180209082541000000016303192055713155656","_score":1,"_source":{"timestamp":"2018-02-09T13:25:41.670Z","detalles":{"pais":"JP","cantidad":0,"idCliente":"1630319"}}}
{"_index":"ventas-2018.02.09","_type":"venta","_id":"20180209084139000000034942381257095838258","_score":1,"_source":{"timestamp":"2018-02-09T13:41:40.061Z","detalles":{"pais":"US","cantidad":2896.51,"idCliente":"3494238"}}}
{"_index":"ventas-2018.02.09","_type":"venta","_id":"20180209084139000000034942381257095838257","_score":1,"_source":{"timestamp":"2018-02-09T13:41:40.078Z","detalles":{"pais":"US","cantidad":2896.51,"idCliente":"3494238"}}}
{"_index":"ventas-2018.02.09","_type":"venta","_id":"20180209134717000000091284481255943466849","_score":1,"_source":{"timestamp":"2018-02-09T13:47:17.804Z","detalles":{"pais":"GB","cantidad":374.11,"idCliente":"9128448"}}}
{"_index":"ventas-2018.02.09","_type":"venta","_id":"20180209084515000000071221892359666010112","_score":1,"_source":{"timestamp":"2018-02-09T13:45:15.601Z","detalles":{"pais":"SA","cantidad":9.69,"idCliente":"7122189"}}}
{"_index":"ventas-2018.02.09","_type":"venta","_id":"20180209135024000000014537422205943472467","_score":1,"_source":{"timestamp":"2018-02-09T13:50:25.006Z","detalles":{"pais":"GB","cantidad":87.1,"idCliente":"1453742"}}}
{"_index":"ventas-2018.02.09","_type":"venta","_id":"20180209135828000000091284481255943466851","_score":1,"_source":{"timestamp":"2018-02-09T13:58:29.275Z","detalles":{"pais":"GB","cantidad":948.1,"idCliente":"9128448"}}}
{"_index":"ventas-2018.02.09","_type":"venta","_id":"20180209024114000000060960260165746815326","_score":1,"_source":{"timestamp":"2018-02-09T09:41:20.135Z","detalles":{"pais":"CA","cantidad":0,"idCliente":"6096026"}}}
{"_index":"ventas-2018.02.09","_type":"venta","_id":"20180209044204000000091266311255194237765","_score":1,"_source":{"timestamp":"2018-02-09T09:42:04.919Z","detalles":{"pais":"GB","cantidad":1565.21,"idCliente":"9126631"}}}
{"_index":"ventas-2018.02.09","_type":"venta","_id":"20180209043949000000099003961319020013031","_score":1,"_source":{"timestamp":"2018-02-09T09:39:49.880Z","detalles":{"pais":"JP","cantidad":0,"idCliente":"9900396"}}}
{"_index":"ventas-2018.02.09","_type":"venta","_id":"20180209094922000000092220145555985714729","_score":1,"_source":{"timestamp":"2018-02-09T09:49:22.892Z","detalles":{"pais":"RU","cantidad":5722,"idCliente":"9222014"}}}
{"_index":"ventas-2018.02.09","_type":"venta","_id":"20180209025015000000060960260165746815340","_score":1,"_source":{"timestamp":"2018-02-09T09:50:20.885Z","detalles":{"pais":"CA","cantidad":0,"idCliente":"6096026"}}}
{"_index":"ventas-2018.02.09","_type":"venta","_id":"20180209024824000000060960260165746815338","_score":1,"_source":{"timestamp":"2018-02-09T09:48:29.687Z","detalles":{"pais":"CA","cantidad":0,"idCliente":"6096026"}}}
{"_index":"ventas-2018.02.09","_type":"venta","_id":"20180209045356000000099003961319020013032","_score":1,"_source":{"timestamp":"2018-02-09T09:53:57.032Z","detalles":{"pais":"JP","cantidad":0,"idCliente":"9900396"}}}
{"_index":"ventas-2018.02.09","_type":"venta","_id":"20180209045151000000099030090989020006377","_score":1,"_source":{"timestamp":"2018-02-09T09:51:51.804Z","detalles":{"pais":"JP","cantidad":52800,"idCliente":"9903009"}}}
{"_index":"ventas-2018.02.09","_type":"venta","_id":"20180209095844000000099999999105314367548","_score":1,"_source":{"timestamp":"2018-02-09T09:58:45.386Z","detalles":{"pais":"IN","cantidad":28515,"idCliente":"9999999"}}}
{"_index":"ventas-2018.02.09","_type":"venta","_id":"20180209205842000000002345460815746855492","_score":1,"_source":{"timestamp":"2018-02-09T09:58:47.740Z","detalles":{"pais":"AU","cantidad":0,"idCliente":"0234546"}}}
{"_index":"ventas-2018.02.09","_type":"venta","_id":"20180209205929000000002345460815746855514","_score":1,"_source":{"timestamp":"2018-02-09T09:59:34.842Z","detalles":{"pais":"AU","cantidad":0,"idCliente":"0234546"}}}
{"_index":"ventas-2018.02.09","_type":"venta","_id":"20180209100200000000099999990725314367552","_score":1,"_source":{"timestamp":"2018-02-09T10:02:01.351Z","detalles":{"pais":"IN","cantidad":19615,"idCliente":"9999999"}}}
{"_index":"ventas-2018.02.09","_type":"venta","_id":"20180209130304000000004566541575746782403","_score":1,"_source":{"timestamp":"2018-02-09T10:03:10.315Z","detalles":{"pais":"QA","cantidad":6055,"idCliente":"0456654"}}}
{"_index":"ventas-2018.02.09","_type":"venta","_id":"20180209210218000000002345460815746855527","_score":1,"_source":{"timestamp":"2018-02-09T10:02:23.754Z","detalles":{"pais":"AU","cantidad":0,"idCliente":"0234546"}}}
{"_index":"ventas-2018.02.09","_type":"venta","_id":"20180209100838000000014537422205943472232","_score":1,"_source":{"timestamp":"2018-02-09T10:08:39.119Z","detalles":{"pais":"GB","cantidad":1620.3,"idCliente":"1453742"}}}
{"_index":"ventas-2018.02.09","_type":"venta","_id":"20180209100444000000091281461255942913551","_score":1,"_source":{"timestamp":"2018-02-09T10:04:45.467Z","detalles":{"pais":"GB","cantidad":767.3,"idCliente":"9128146"}}}
{"_index":"ventas-2018.02.09","_type":"venta","_id":"20180209100554000000099999999105314367559","_score":1,"_source":{"timestamp":"2018-02-09T10:05:55.159Z","detalles":{"pais":"IN","cantidad":22504,"idCliente":"9999999"}}}
{"_index":"ventas-2018.02.09","_type":"venta","_id":"20180209100558000000099999999105314367560","_score":1,"_source":{"timestamp":"2018-02-09T10:05:59.311Z","detalles":{"pais":"IN","cantidad":5814,"idCliente":"9999999"}}}
{"_index":"ventas-2018.02.09","_type":"venta","_id":"20180209100603000000099999999105314367561","_score":1,"_source":{"timestamp":"2018-02-09T10:06:04.115Z","detalles":{"pais":"IN","cantidad":5814,"idCliente":"9999999"}}}
{"_index":"ventas-2018.02.09","_type":"venta","_id":"20180209101115000000014537422205943472233","_score":1,"_source":{"timestamp":"2018-02-09T10:11:16.380Z","detalles":{"pais":"GB","cantidad":271.3,"idCliente":"1453742"}}}
{"_index":"ventas-2018.02.09","_type":"venta","_id":"20180209103022000000092220145555985714730","_score":1,"_source":{"timestamp":"2018-02-09T10:30:23.048Z","detalles":{"pais":"RU","cantidad":0,"idCliente":"9222014"}}}
{"_index":"ventas-2018.02.09","_type":"venta","_id":"20180209052942000000091266311255194237768","_score":1,"_source":{"timestamp":"2018-02-09T10:29:42.933Z","detalles":{"pais":"GB","cantidad":0,"idCliente":"9126631"}}}
{"_index":"ventas-2018.02.09","_type":"venta","_id":"20180209104035000000014537422205943472240","_score":1,"_source":{"timestamp":"2018-02-09T10:40:36.007Z","detalles":{"pais":"GB","cantidad":78.8,"idCliente":"1453742"}}}
{"_index":"ventas-2018.02.09","_type":"venta","_id":"20180209134607000000004566541575746782422","_score":1,"_source":{"timestamp":"2018-02-09T10:46:14.295Z","detalles":{"pais":"QA","cantidad":6055,"idCliente":"0456654"}}}
{"_index":"ventas-2018.02.09","_type":"venta","_id":"20180209161523000000014344701765746706149","_score":1,"_source":{"timestamp":"2018-02-09T10:45:28.006Z","detalles":{"pais":"IN","cantidad":17091,"idCliente":"1434470"}}}
{"_index":"ventas-2018.02.09","_type":"venta","_id":"20180209135007000000004566541575746782433","_score":1,"_source":{"timestamp":"2018-02-09T10:50:14.384Z","detalles":{"pais":"QA","cantidad":7355,"idCliente":"0456654"}}}
{"_index":"ventas-2018.02.09","_type":"venta","_id":"20180209054759000000003570540017095712695","_score":1,"_source":{"timestamp":"2018-02-09T10:47:59.603Z","detalles":{"pais":"US","cantidad":0,"idCliente":"0357054"}}}
{"_index":"ventas-2018.02.09","_type":"venta","_id":"20180209054759000000003570540017095712694","_score":1,"_source":{"timestamp":"2018-02-09T10:47:59.604Z","detalles":{"pais":"US","cantidad":0,"idCliente":"0357054"}}}
{"_index":"ventas-2018.02.09","_type":"venta","_id":"20180209054927000000035165000067095908892","_score":1,"_source":{"timestamp":"2018-02-09T10:49:27.813Z","detalles":{"pais":"US","cantidad":2560.6,"idCliente":"3516500"}}}
{"_index":"ventas-2018.02.09","_type":"venta","_id":"20180209134850000000004566541575746782430","_score":1,"_source":{"timestamp":"2018-02-09T10:48:56.606Z","detalles":{"pais":"QA","cantidad":6055,"idCliente":"0456654"}}}
{"_index":"ventas-2018.02.09","_type":"venta","_id":"20180209215440000000000567420815746855507","_score":1,"_source":{"timestamp":"2018-02-09T10:54:44.351Z","detalles":{"pais":"AU","cantidad":5093.48,"idCliente":"0056742"}}}
{"_index":"ventas-2018.02.09","_type":"venta","_id":"20180209115932000000023220802205746807816","_score":1,"_source":{"timestamp":"2018-02-09T10:59:37.632Z","detalles":{"pais":"DE","cantidad":149.69,"idCliente":"2322080"}}}
{"_index":"ventas-2018.02.09","_type":"venta","_id":"20180209035958000000005708818385746815026","_score":1,"_source":{"timestamp":"2018-02-09T11:00:07.253Z","detalles":{"pais":"CA","cantidad":0,"idCliente":"0570881"}}}
{"_index":"ventas-2018.02.09","_type":"venta","_id":"20180209035751000000005708818385746815022","_score":1,"_source":{"timestamp":"2018-02-09T10:57:59.806Z","detalles":{"pais":"CA","cantidad":0,"idCliente":"0570881"}}}
{"_index":"ventas-2018.02.09","_type":"venta","_id":"20180209040144000000005708818385746815028","_score":1,"_source":{"timestamp":"2018-02-09T11:01:53.177Z","detalles":{"pais":"CA","cantidad":0,"idCliente":"0570881"}}}
{"_index":"ventas-2018.02.09","_type":"venta","_id":"20180209130100000000027215973902902136979","_score":1,"_source":{"timestamp":"2018-02-09T11:01:26.135Z","detalles":{"pais":"GR","cantidad":2000,"idCliente":"2721597"}}}
{"_index":"ventas-2018.02.09","_type":"venta","_id":"20180209040425000000005708818385746815031","_score":1,"_source":{"timestamp":"2018-02-09T11:04:32.438Z","detalles":{"pais":"CA","cantidad":0,"idCliente":"0570881"}}}
{"_index":"ventas-2018.02.09","_type":"venta","_id":"20180209040954000000005708818385746815043","_score":1,"_source":{"timestamp":"2018-02-09T11:10:03.344Z","detalles":{"pais":"CA","cantidad":0,"idCliente":"0570881"}}}
{"_index":"ventas-2018.02.09","_type":"venta","_id":"20180209060932000000099049460169010341149","_score":1,"_source":{"timestamp":"2018-02-09T11:09:32.583Z","detalles":{"pais":"US","cantidad":1407.3,"idCliente":"9904946"}}}
{"_index":"ventas-2018.02.09","_type":"venta","_id":"20170803190000000000091281461252902116913","_score":1,"_source":{"timestamp":"2018-02-09T11:13:21.945Z","detalles":{"pais":"GB","cantidad":0,"idCliente":"9128146"}}}
{"_index":"ventas-2018.02.09","_type":"venta","_id":"20180209041436000000005708818385746815051","_score":1,"_source":{"timestamp":"2018-02-09T11:14:44.342Z","detalles":{"pais":"CA","cantidad":0,"idCliente":"0570881"}}}
{"_index":"ventas-2018.02.09","_type":"venta","_id":"20180209061431000000035165001257095908907","_score":1,"_source":{"timestamp":"2018-02-09T11:14:32.013Z","detalles":{"pais":"US","cantidad":2404.2,"idCliente":"3516500"}}}
{"_index":"ventas-2018.02.09","_type":"venta","_id":"20180209041155000000005708818385746815048","_score":1,"_source":{"timestamp":"2018-02-09T11:12:03.631Z","detalles":{"pais":"CA","cantidad":0,"idCliente":"0570881"}}}
{"_index":"ventas-2018.02.09","_type":"venta","_id":"20180209041111000000005708818385746815046","_score":1,"_source":{"timestamp":"2018-02-09T11:11:19.929Z","detalles":{"pais":"CA","cantidad":0,"idCliente":"0570881"}}}
{"_index":"ventas-2018.02.09","_type":"venta","_id":"20180209164854000000014344701765746706154","_score":1,"_source":{"timestamp":"2018-02-09T11:18:59.903Z","detalles":{"pais":"IN","cantidad":8192,"idCliente":"1434470"}}}
{"_index":"ventas-2018.02.09","_type":"venta","_id":"20180209061839000000007560680067095895651","_score":1,"_source":{"timestamp":"2018-02-09T11:18:40.465Z","detalles":{"pais":"US","cantidad":5488.01,"idCliente":"0756068"}}}
{"_index":"ventas-2018.02.09","_type":"venta","_id":"20180209041748000000005708818385746815056","_score":1,"_source":{"timestamp":"2018-02-09T11:17:56.984Z","detalles":{"pais":"CA","cantidad":0,"idCliente":"0570881"}}}
{"_index":"ventas-2018.02.09","_type":"venta","_id":"20180209041614000000005708818385746815053","_score":1,"_source":{"timestamp":"2018-02-09T11:16:22.009Z","detalles":{"pais":"CA","cantidad":0,"idCliente":"0570881"}}}
{"_index":"ventas-2018.02.09","_type":"venta","_id":"20180209062406000000091266311255194237772","_score":1,"_source":{"timestamp":"2018-02-09T11:25:43.514Z","detalles":{"pais":"GB","cantidad":0,"idCliente":"9126631"}}}
{"_index":"ventas-2018.02.09","_type":"venta","_id":"20180209062228000000035165000067095908908","_score":1,"_source":{"timestamp":"2018-02-09T11:22:28.689Z","detalles":{"pais":"US","cantidad":5488.01,"idCliente":"3516500"}}}
{"_index":"ventas-2018.02.09","_type":"venta","_id":"20180209083031000000000567380815744507280","_score":1,"_source":{"timestamp":"2018-02-09T11:30:36.434Z","detalles":{"pais":"AR","cantidad":0,"idCliente":"0056738"}}}
{"_index":"ventas-2018.02.09","_type":"venta","_id":"20180209122920000000009518010825745924983","_score":1,"_source":{"timestamp":"2018-02-09T11:29:25.642Z","detalles":{"pais":"ES","cantidad":0,"idCliente":"0951801"}}}
{"_index":"ventas-2018.02.09","_type":"venta","_id":"20180209112851000000014357770985314367786","_score":1,"_source":{"timestamp":"2018-02-09T11:28:52.174Z","detalles":{"pais":"IN","cantidad":14502,"idCliente":"1435777"}}}
{"_index":"ventas-2018.02.09","_type":"venta","_id":"20180209113111000000078299999969903071441","_score":1,"_source":{"timestamp":"2018-02-09T11:31:12.314Z","detalles":{"pais":"ES","cantidad":10878,"idCliente":"7829999"}}}
{"_index":"ventas-2018.02.09","_type":"venta","_id":"20180209123139000000000954650825746807786","_score":1,"_source":{"timestamp":"2018-02-09T11:31:53.349Z","detalles":{"pais":"DE","cantidad":0,"idCliente":"0095465"}}}
{"_index":"ventas-2018.02.09","_type":"venta","_id":"20180209144004000000088219430825746732636","_score":1,"_source":{"timestamp":"2018-02-09T11:40:09.799Z","detalles":{"pais":"TR","cantidad":70,"idCliente":"8821943"}}}
{"_index":"ventas-2018.02.09","_type":"venta","_id":"20180209064522000000035165001257095908913","_score":1,"_source":{"timestamp":"2018-02-09T11:45:23.308Z","detalles":{"pais":"US","cantidad":8178.3,"idCliente":"3516500"}}}
{"_index":"ventas-2018.02.09","_type":"venta","_id":"20180209235134000000002345460815746855539","_score":1,"_source":{"timestamp":"2018-02-09T12:51:41.660Z","detalles":{"pais":"AU","cantidad":4601.04,"idCliente":"0234546"}}}
{"_index":"ventas-2018.02.09","_type":"venta","_id":"20180209145136000000088219430825746732641","_score":1,"_source":{"timestamp":"2018-02-09T11:51:41.762Z","detalles":{"pais":"TR","cantidad":1209.66,"idCliente":"8821943"}}}
{"_index":"ventas-2018.02.09","_type":"venta","_id":"20180209075153000000000945788385746815222","_score":1,"_source":{"timestamp":"2018-02-09T12:52:01.033Z","detalles":{"pais":"CA","cantidad":0,"idCliente":"0094578"}}}
{"_index":"ventas-2018.02.09","_type":"venta","_id":"20180209121713000000091284481255943466848","_score":1,"_source":{"timestamp":"2018-02-09T12:17:13.934Z","detalles":{"pais":"GB","cantidad":0.3,"idCliente":"9128448"}}}
{"_index":"ventas-2018.02.09","_type":"venta","_id":"20180209121727000000091272881255943471770","_score":1,"_source":{"timestamp":"2018-02-09T12:17:28.104Z","detalles":{"pais":"GB","cantidad":829.8,"idCliente":"9127288"}}}
{"_index":"ventas-2018.02.09","_type":"venta","_id":"20180209114045000000091272881255943471764","_score":1,"_source":{"timestamp":"2018-02-09T11:40:46.190Z","detalles":{"pais":"GB","cantidad":964.1,"idCliente":"9127288"}}}
{"_index":"ventas-2018.02.09","_type":"venta","_id":"20180209145136000000088219430825746732639","_score":1,"_source":{"timestamp":"2018-02-09T11:51:40.764Z","detalles":{"pais":"TR","cantidad":1209.66,"idCliente":"8821943"}}}
{"_index":"ventas-2018.02.09","_type":"venta","_id":"20180209121445000000091284481255943466847","_score":1,"_source":{"timestamp":"2018-02-09T12:14:46.001Z","detalles":{"pais":"GB","cantidad":644.8,"idCliente":"9128448"}}}
{"_index":"ventas-2018.02.09","_type":"venta","_id":"20180209123209000000014357772355314367791","_score":1,"_source":{"timestamp":"2018-02-09T12:32:10.330Z","detalles":{"pais":"IN","cantidad":37594,"idCliente":"1435777"}}}
{"_index":"ventas-2018.02.09","_type":"venta","_id":"20180209123210000000014357772355314367792","_score":1,"_source":{"timestamp":"2018-02-09T12:32:10.859Z","detalles":{"pais":"IN","cantidad":4903,"idCliente":"1435777"}}}
{"_index":"ventas-2018.02.09","_type":"venta","_id":"20180209182138000000014344701765746706167","_score":1,"_source":{"timestamp":"2018-02-09T12:51:42.566Z","detalles":{"pais":"IN","cantidad":7434,"idCliente":"1434470"}}}
{"_index":"ventas-2018.02.09","_type":"venta","_id":"20180209074642000000099053160169010343586","_score":1,"_source":{"timestamp":"2018-02-09T12:46:43.579Z","detalles":{"pais":"US","cantidad":0,"idCliente":"9905316"}}}
{"_index":"ventas-2018.02.09","_type":"venta","_id":"20180209130155000000091272881255943471777","_score":1,"_source":{"timestamp":"2018-02-09T13:01:56.302Z","detalles":{"pais":"GB","cantidad":40,"idCliente":"9127288"}}}
{"_index":"ventas-2018.02.09","_type":"venta","_id":"20180209130709000000091272881255943471780","_score":1,"_source":{"timestamp":"2018-02-09T13:07:11.426Z","detalles":{"pais":"GB","cantidad":2058.91,"idCliente":"9127288"}}}
{"_index":"ventas-2018.02.09","_type":"venta","_id":"20180209130843000000099999991259903081813","_score":1,"_source":{"timestamp":"2018-02-09T13:08:44.276Z","detalles":{"pais":"GB","cantidad":684.8,"idCliente":"9999999"}}}
{"_index":"ventas-2018.02.09","_type":"venta","_id":"20180209131628000000023277530825983088079","_score":1,"_source":{"timestamp":"2018-02-09T13:16:28.658Z","detalles":{"pais":"DE","cantidad":82,"idCliente":"2327753"}}}
{"_index":"ventas-2018.02.09","_type":"venta","_id":"20180209132432000000002355666185795486982","_score":1,"_source":{"timestamp":"2018-02-09T13:24:32.813Z","detalles":{"pais":"AU","cantidad":0,"idCliente":"0235566"}}}
{"_index":"ventas-2018.02.09","_type":"venta","_id":"20180209185426000000014344701765746706181","_score":1,"_source":{"timestamp":"2018-02-09T13:24:36.725Z","detalles":{"pais":"IN","cantidad":0,"idCliente":"1434470"}}}
{"_index":"ventas-2018.02.09","_type":"venta","_id":"20180209132104000000091272881255943471784","_score":1,"_source":{"timestamp":"2018-02-09T13:21:05.326Z","detalles":{"pais":"GB","cantidad":964.45,"idCliente":"9127288"}}}
{"_index":"ventas-2018.02.09","_type":"venta","_id":"20180209132650000000014537422205943472463","_score":1,"_source":{"timestamp":"2018-02-09T13:26:50.965Z","detalles":{"pais":"GB","cantidad":633.8,"idCliente":"1453742"}}}
{"_index":"ventas-2018.02.09","_type":"venta","_id":"20180209133151000000091272881255943471787","_score":1,"_source":{"timestamp":"2018-02-09T13:31:52.366Z","detalles":{"pais":"GB","cantidad":1223.1,"idCliente":"9127288"}}}
{"_index":"ventas-2018.02.09","_type":"venta","_id":"20180209143343000000023220802575746807882","_score":1,"_source":{"timestamp":"2018-02-09T13:33:48.550Z","detalles":{"pais":"DE","cantidad":744.44,"idCliente":"2322080"}}}
{"_index":"ventas-2018.02.09","_type":"venta","_id":"20180209133454000000014537420165943472465","_score":1,"_source":{"timestamp":"2018-02-09T13:34:55.885Z","detalles":{"pais":"GB","cantidad":1419,"idCliente":"1453742"}}}
{"_index":"ventas-2018.02.09","_type":"venta","_id":"20180209085016000000038249770165183979389","_score":1,"_source":{"timestamp":"2018-02-09T13:50:16.983Z","detalles":{"pais":"IT","cantidad":2299.4,"idCliente":"3824977"}}}
{"_index":"ventas-2018.02.09","_type":"venta","_id":"20180209085016000000038249770165183979390","_score":1,"_source":{"timestamp":"2018-02-09T13:50:17.016Z","detalles":{"pais":"IT","cantidad":2299.4,"idCliente":"3824977"}}}
{"_index":"ventas-2018.02.09","_type":"venta","_id":"20180209145805000000060210962571633159189","_score":1,"_source":{"timestamp":"2018-02-09T13:58:12.951Z","detalles":{"pais":"NO","cantidad":0,"idCliente":"6021096"}}}
{"_index":"ventas-2018.02.09","_type":"venta","_id":"20180209095431000000000954652575746807694","_score":1,"_source":{"timestamp":"2018-02-09T08:54:40.429Z","detalles":{"pais":"DE","cantidad":0,"idCliente":"0095465"}}}
{"_index":"ventas-2018.02.09","_type":"venta","_id":"20180209040700000000014537481259999011057","_score":1,"_source":{"timestamp":"2018-02-09T09:07:39.446Z","detalles":{"pais":"CA","cantidad":100000,"idCliente":"1453748"}}}
{"_index":"ventas-2018.02.09","_type":"venta","_id":"20180209091015000000014357770985314367778","_score":1,"_source":{"timestamp":"2018-02-09T09:10:16.361Z","detalles":{"pais":"IN","cantidad":1850,"idCliente":"1435777"}}}
{"_index":"ventas-2018.02.09","_type":"venta","_id":"20180209091405000000002325980815795483758","_score":1,"_source":{"timestamp":"2018-02-09T09:14:05.969Z","detalles":{"pais":"AU","cantidad":828.01,"idCliente":"0232598"}}}
{"_index":"ventas-2018.02.09","_type":"venta","_id":"20180209100345000000000954657245746807711","_score":1,"_source":{"timestamp":"2018-02-09T09:03:59.242Z","detalles":{"pais":"DE","cantidad":0,"idCliente":"0095465"}}}
{"_index":"ventas-2018.02.09","_type":"venta","_id":"20180209100609000000000954652575746807712","_score":1,"_source":{"timestamp":"2018-02-09T09:06:23.005Z","detalles":{"pais":"DE","cantidad":0,"idCliente":"0095465"}}}
{"_index":"ventas-2018.02.09","_type":"venta","_id":"20180209042319000000099030092329020006371","_score":1,"_source":{"timestamp":"2018-02-09T09:23:19.996Z","detalles":{"pais":"JP","cantidad":104330,"idCliente":"9903009"}}}
{"_index":"ventas-2018.02.09","_type":"venta","_id":"20180209092403000000092220305555985705282","_score":1,"_source":{"timestamp":"2018-02-09T09:24:04.056Z","detalles":{"pais":"RU","cantidad":5251,"idCliente":"9222030"}}}
{"_index":"ventas-2018.02.09","_type":"venta","_id":"20180209092538000000002355660815795486976","_score":1,"_source":{"timestamp":"2018-02-09T09:25:39.398Z","detalles":{"pais":"AU","cantidad":0,"idCliente":"0235566"}}}
{"_index":"ventas-2018.02.09","_type":"venta","_id":"20180209102745000000000954650825746807739","_score":1,"_source":{"timestamp":"2018-02-09T09:27:55.807Z","detalles":{"pais":"DE","cantidad":0,"idCliente":"0095465"}}}
{"_index":"ventas-2018.02.09","_type":"venta","_id":"20180209182900000000099030092329999936184","_score":1,"_source":{"timestamp":"2018-02-09T09:29:49.039Z","detalles":{"pais":"JP","cantidad":8420,"idCliente":"9903009"}}}
{"_index":"ventas-2018.02.09","_type":"venta","_id":"20180209103906000000000954650825746807754","_score":1,"_source":{"timestamp":"2018-02-09T09:39:18.361Z","detalles":{"pais":"DE","cantidad":0,"idCliente":"0095465"}}}
{"_index":"ventas-2018.02.09","_type":"venta","_id":"20180209222933000000000567420815746855509","_score":1,"_source":{"timestamp":"2018-02-09T11:29:38.683Z","detalles":{"pais":"AU","cantidad":1972.48,"idCliente":"0056742"}}}
{"_index":"ventas-2018.02.09","_type":"venta","_id":"20180209074722000000057201460472524531978","_score":1,"_source":{"timestamp":"2018-02-09T12:47:22.680Z","detalles":{"pais":"NL","cantidad":767.49,"idCliente":"5720146"}}}
{"_index":"ventas-2018.02.09","_type":"venta","_id":"20180209124416000000014537420165943472454","_score":1,"_source":{"timestamp":"2018-02-09T12:44:16.886Z","detalles":{"pais":"GB","cantidad":4331.91,"idCliente":"1453742"}}}
{"_index":"ventas-2018.02.09","_type":"venta","_id":"20180209234345000000002345460815746855536","_score":1,"_source":{"timestamp":"2018-02-09T12:44:31.805Z","detalles":{"pais":"AU","cantidad":4566.84,"idCliente":"0234546"}}}
{"_index":"ventas-2018.02.09","_type":"venta","_id":"20180209075517000000086510750065668194225","_score":1,"_source":{"timestamp":"2018-02-09T12:55:18.161Z","detalles":{"pais":"MX","cantidad":44311,"idCliente":"8651075"}}}
{"_index":"ventas-2018.02.09","_type":"venta","_id":"20180209130946000000091272881255943471781","_score":1,"_source":{"timestamp":"2018-02-09T13:09:46.736Z","detalles":{"pais":"GB","cantidad":0,"idCliente":"9127288"}}}
{"_index":"ventas-2018.02.09","_type":"venta","_id":"20180210000625000000002345460815746855546","_score":1,"_source":{"timestamp":"2018-02-09T13:06:32.861Z","detalles":{"pais":"AU","cantidad":0,"idCliente":"0234546"}}}
{"_index":"ventas-2018.02.09","_type":"venta","_id":"20180210000625000000002345460815746855548","_score":1,"_source":{"timestamp":"2018-02-09T13:06:34.318Z","detalles":{"pais":"AU","cantidad":0,"idCliente":"0234546"}}}
{"_index":"ventas-2018.02.09","_type":"venta","_id":"20171207034700000000022222221252902116934","_score":1,"_source":{"timestamp":"2018-02-09T13:24:13.827Z","detalles":{"pais":"GB","cantidad":100000,"idCliente":"2222222"}}}
{"_index":"ventas-2018.02.09","_type":"venta","_id":"20180209082012000000091279311255194259031","_score":1,"_source":{"timestamp":"2018-02-09T13:20:12.830Z","detalles":{"pais":"GB","cantidad":2011.6,"idCliente":"9127931"}}}
{"_index":"ventas-2018.02.09","_type":"venta","_id":"20180209142337000000023220807245746807874","_score":1,"_source":{"timestamp":"2018-02-09T13:23:42.393Z","detalles":{"pais":"DE","cantidad":178.53,"idCliente":"2322080"}}}
{"_index":"ventas-2018.02.09","_type":"venta","_id":"20180209143052000000023220802575746807880","_score":1,"_source":{"timestamp":"2018-02-09T13:30:59.015Z","detalles":{"pais":"DE","cantidad":523.12,"idCliente":"2322080"}}}
{"_index":"ventas-2018.02.09","_type":"venta","_id":"20180209083328000000091266311255194237774","_score":1,"_source":{"timestamp":"2018-02-09T13:34:25.410Z","detalles":{"pais":"GB","cantidad":0,"idCliente":"9126631"}}}
{"_index":"ventas-2018.02.09","_type":"venta","_id":"20180209133311000000099999999105314367570","_score":1,"_source":{"timestamp":"2018-02-09T13:33:12.060Z","detalles":{"pais":"IN","cantidad":17495,"idCliente":"9999999"}}}
{"_index":"ventas-2018.02.09","_type":"venta","_id":"20180209095524000000000954652575746807697","_score":1,"_source":{"timestamp":"2018-02-09T08:55:33.366Z","detalles":{"pais":"DE","cantidad":0,"idCliente":"0095465"}}}
{"_index":"ventas-2018.02.09","_type":"venta","_id":"20180209100311000000000954652575746807706","_score":1,"_source":{"timestamp":"2018-02-09T09:03:20.376Z","detalles":{"pais":"DE","cantidad":0,"idCliente":"0095465"}}}
{"_index":"ventas-2018.02.09","_type":"venta","_id":"20180209100807000000000954652575746807716","_score":1,"_source":{"timestamp":"2018-02-09T09:08:17.321Z","detalles":{"pais":"DE","cantidad":0,"idCliente":"0095465"}}}
{"_index":"ventas-2018.02.09","_type":"venta","_id":"20171207034700000000022222221252902116930","_score":1,"_source":{"timestamp":"2018-02-09T09:21:59.517Z","detalles":{"pais":"GB","cantidad":100000,"idCliente":"2222222"}}}
{"_index":"ventas-2018.02.09","_type":"venta","_id":"20180209102128000000000954650825746807724","_score":1,"_source":{"timestamp":"2018-02-09T09:21:37.467Z","detalles":{"pais":"DE","cantidad":0,"idCliente":"0095465"}}}
{"_index":"ventas-2018.02.09","_type":"venta","_id":"20180209102017000000000954650825746807723","_score":1,"_source":{"timestamp":"2018-02-09T09:20:27.734Z","detalles":{"pais":"DE","cantidad":0,"idCliente":"0095465"}}}
{"_index":"ventas-2018.02.09","_type":"venta","_id":"20180209042226000000077500570165103131003","_score":1,"_source":{"timestamp":"2018-02-09T09:22:26.785Z","detalles":{"pais":"CR","cantidad":228108,"idCliente":"7750057"}}}
{"_index":"ventas-2018.02.09","_type":"venta","_id":"20180209102313000000000954650825746807729","_score":1,"_source":{"timestamp":"2018-02-09T09:23:24.701Z","detalles":{"pais":"DE","cantidad":0,"idCliente":"0095465"}}}
{"_index":"ventas-2018.02.09","_type":"venta","_id":"20180209102858000000000954657245746807740","_score":1,"_source":{"timestamp":"2018-02-09T09:29:08.485Z","detalles":{"pais":"DE","cantidad":0,"idCliente":"0095465"}}}
{"_index":"ventas-2018.02.09","_type":"venta","_id":"20180209103146000000000954650825746807745","_score":1,"_source":{"timestamp":"2018-02-09T09:31:57.118Z","detalles":{"pais":"DE","cantidad":0,"idCliente":"0095465"}}}
{"_index":"ventas-2018.02.09","_type":"venta","_id":"20180209123047000000088200197245746732500","_score":1,"_source":{"timestamp":"2018-02-09T09:30:53.850Z","detalles":{"pais":"TR","cantidad":0,"idCliente":"8820019"}}}
{"_index":"ventas-2018.02.09","_type":"venta","_id":"20180209043933000000099003961319020013030","_score":1,"_source":{"timestamp":"2018-02-09T09:39:33.841Z","detalles":{"pais":"JP","cantidad":456000,"idCliente":"9900396"}}}
{"_index":"ventas-2018.02.09","_type":"venta","_id":"20180209093939000000099999999105314367541","_score":1,"_source":{"timestamp":"2018-02-09T09:39:40.019Z","detalles":{"pais":"IN","cantidad":5814,"idCliente":"9999999"}}}
{"_index":"ventas-2018.02.09","_type":"venta","_id":"20180209094535000000099999992295314367544","_score":1,"_source":{"timestamp":"2018-02-09T09:45:35.667Z","detalles":{"pais":"IN","cantidad":6684,"idCliente":"9999999"}}}
{"_index":"ventas-2018.02.09","_type":"venta","_id":"20180209045014000000091266311255194237766","_score":1,"_source":{"timestamp":"2018-02-09T09:54:54.954Z","detalles":{"pais":"GB","cantidad":0,"idCliente":"9126631"}}}
{"_index":"ventas-2018.02.09","_type":"venta","_id":"20171207034700000000022222221252902116933","_score":1,"_source":{"timestamp":"2018-02-09T09:51:28.882Z","detalles":{"pais":"GB","cantidad":100000,"idCliente":"2222222"}}}
{"_index":"ventas-2018.02.09","_type":"venta","_id":"20180209095220000000099999990725314367546","_score":1,"_source":{"timestamp":"2018-02-09T09:52:21.029Z","detalles":{"pais":"IN","cantidad":32453,"idCliente":"9999999"}}}
{"_index":"ventas-2018.02.09","_type":"venta","_id":"20180209095951000000099999990715314367549","_score":1,"_source":{"timestamp":"2018-02-09T09:59:52.012Z","detalles":{"pais":"IN","cantidad":29214,"idCliente":"9999999"}}}
{"_index":"ventas-2018.02.09","_type":"venta","_id":"20180209125744000000004566541575746782392","_score":1,"_source":{"timestamp":"2018-02-09T09:57:50.300Z","detalles":{"pais":"QA","cantidad":7355,"idCliente":"0456654"}}}
{"_index":"ventas-2018.02.09","_type":"venta","_id":"20180209205656000000002345460815746855489","_score":1,"_source":{"timestamp":"2018-02-09T09:57:03.289Z","detalles":{"pais":"AU","cantidad":0,"idCliente":"0234546"}}}
{"_index":"ventas-2018.02.09","_type":"venta","_id":"20180209205600000000002345460815746855487","_score":1,"_source":{"timestamp":"2018-02-09T09:56:07.245Z","detalles":{"pais":"AU","cantidad":0,"idCliente":"0234546"}}}
{"_index":"ventas-2018.02.09","_type":"venta","_id":"20180209100140000000014537422205943472231","_score":1,"_source":{"timestamp":"2018-02-09T10:01:40.715Z","detalles":{"pais":"GB","cantidad":1620.3,"idCliente":"1453742"}}}
{"_index":"ventas-2018.02.09","_type":"venta","_id":"20180209100105000000099999996035314367550","_score":1,"_source":{"timestamp":"2018-02-09T10:01:05.576Z","detalles":{"pais":"IN","cantidad":8310,"idCliente":"9999999"}}}
{"_index":"ventas-2018.02.09","_type":"venta","_id":"20180209100833000000014537420165943472451","_score":1,"_source":{"timestamp":"2018-02-09T10:08:33.485Z","detalles":{"pais":"GB","cantidad":3021.21,"idCliente":"1453742"}}}
{"_index":"ventas-2018.02.09","_type":"venta","_id":"20180209210537000000002345460815746855533","_score":1,"_source":{"timestamp":"2018-02-09T10:05:42.738Z","detalles":{"pais":"AU","cantidad":0,"idCliente":"0234546"}}}
{"_index":"ventas-2018.02.09","_type":"venta","_id":"20180209100544000000099999999105314367557","_score":1,"_source":{"timestamp":"2018-02-09T10:05:45.393Z","detalles":{"pais":"IN","cantidad":22504,"idCliente":"9999999"}}}
{"_index":"ventas-2018.02.09","_type":"venta","_id":"20180209100531000000099999999105314367554","_score":1,"_source":{"timestamp":"2018-02-09T10:05:32.318Z","detalles":{"pais":"IN","cantidad":29047,"idCliente":"9999999"}}}
{"_index":"ventas-2018.02.09","_type":"venta","_id":"20180209101745000000077258376185106092654","_score":1,"_source":{"timestamp":"2018-02-09T10:17:45.886Z","detalles":{"pais":"ZA","cantidad":21589,"idCliente":"7725837"}}}
{"_index":"ventas-2018.02.09","_type":"venta","_id":"20180209101703000000002325980815795483761","_score":1,"_source":{"timestamp":"2018-02-09T10:17:03.677Z","detalles":{"pais":"AU","cantidad":828.01,"idCliente":"0232598"}}}
{"_index":"ventas-2018.02.09","_type":"venta","_id":"20180209111324000000000954650825746807760","_score":1,"_source":{"timestamp":"2018-02-09T10:13:37.263Z","detalles":{"pais":"DE","cantidad":0,"idCliente":"0095465"}}}
{"_index":"ventas-2018.02.09","_type":"venta","_id":"20180209131932000000088219437245746732627","_score":1,"_source":{"timestamp":"2018-02-09T10:19:37.946Z","detalles":{"pais":"TR","cantidad":2160.03,"idCliente":"8821943"}}}
{"_index":"ventas-2018.02.09","_type":"venta","_id":"20180209131932000000088219437245746732629","_score":1,"_source":{"timestamp":"2018-02-09T10:19:38.948Z","detalles":{"pais":"TR","cantidad":2160.03,"idCliente":"8821943"}}}
{"_index":"ventas-2018.02.09","_type":"venta","_id":"20180209112256000000000954652575746807768","_score":1,"_source":{"timestamp":"2018-02-09T10:23:15.234Z","detalles":{"pais":"DE","cantidad":0,"idCliente":"0095465"}}}
{"_index":"ventas-2018.02.09","_type":"venta","_id":"20180209112417000000000954652575746807769","_score":1,"_source":{"timestamp":"2018-02-09T10:24:32.566Z","detalles":{"pais":"DE","cantidad":0,"idCliente":"0095465"}}}
{"_index":"ventas-2018.02.09","_type":"venta","_id":"20180209112033000000000954652575746807763","_score":1,"_source":{"timestamp":"2018-02-09T10:20:43.705Z","detalles":{"pais":"DE","cantidad":0,"idCliente":"0095465"}}}
{"_index":"ventas-2018.02.09","_type":"venta","_id":"20180209183307000000000568480815744933249","_score":1,"_source":{"timestamp":"2018-02-09T10:33:13.299Z","detalles":{"pais":"SG","cantidad":0,"idCliente":"0056848"}}}
{"_index":"ventas-2018.02.09","_type":"venta","_id":"20180209133919000000004566541575746782406","_score":1,"_source":{"timestamp":"2018-02-09T10:39:26.330Z","detalles":{"pais":"QA","cantidad":6055,"idCliente":"0456654"}}}
{"_index":"ventas-2018.02.09","_type":"venta","_id":"20180209161337000000014344701765746706145","_score":1,"_source":{"timestamp":"2018-02-09T10:43:41.514Z","detalles":{"pais":"IN","cantidad":37177,"idCliente":"1434470"}}}
{"_index":"ventas-2018.02.09","_type":"venta","_id":"20180209161337000000014344701765746706147","_score":1,"_source":{"timestamp":"2018-02-09T10:43:42.586Z","detalles":{"pais":"IN","cantidad":45974,"idCliente":"1434470"}}}
{"_index":"ventas-2018.02.09","_type":"venta","_id":"20180209134407000000004566541575746782417","_score":1,"_source":{"timestamp":"2018-02-09T10:44:13.927Z","detalles":{"pais":"QA","cantidad":7355,"idCliente":"0456654"}}}
{"_index":"ventas-2018.02.09","_type":"venta","_id":"20180209104239000000077258376185106092656","_score":1,"_source":{"timestamp":"2018-02-09T10:42:39.928Z","detalles":{"pais":"ZA","cantidad":21589,"idCliente":"7725837"}}}
{"_index":"ventas-2018.02.09","_type":"venta","_id":"20180209114628000000000954650825746807777","_score":1,"_source":{"timestamp":"2018-02-09T10:46:42.346Z","detalles":{"pais":"DE","cantidad":0,"idCliente":"0095465"}}}
{"_index":"ventas-2018.02.09","_type":"venta","_id":"20180209120406000000023220802205746807818","_score":1,"_source":{"timestamp":"2018-02-09T11:04:10.862Z","detalles":{"pais":"DE","cantidad":4792.34,"idCliente":"2322080"}}}
{"_index":"ventas-2018.02.09","_type":"venta","_id":"20180209120142000000000951752205746807798","_score":1,"_source":{"timestamp":"2018-02-09T11:01:45.875Z","detalles":{"pais":"DE","cantidad":252.23,"idCliente":"0095175"}}}
{"_index":"ventas-2018.02.09","_type":"venta","_id":"20180209060435000000035165000067095908899","_score":1,"_source":{"timestamp":"2018-02-09T11:04:35.974Z","detalles":{"pais":"US","cantidad":5438.01,"idCliente":"3516500"}}}
{"_index":"ventas-2018.02.09","_type":"venta","_id":"20180209040704000000005708818385746815037","_score":1,"_source":{"timestamp":"2018-02-09T11:07:12.583Z","detalles":{"pais":"CA","cantidad":0,"idCliente":"0570881"}}}
{"_index":"ventas-2018.02.09","_type":"venta","_id":"20180209040745000000005708818385746815040","_score":1,"_source":{"timestamp":"2018-02-09T11:07:52.684Z","detalles":{"pais":"CA","cantidad":0,"idCliente":"0570881"}}}
{"_index":"ventas-2018.02.09","_type":"venta","_id":"20180209164854000000014344701765746706152","_score":1,"_source":{"timestamp":"2018-02-09T11:18:58.928Z","detalles":{"pais":"IN","cantidad":8192,"idCliente":"1434470"}}}
{"_index":"ventas-2018.02.09","_type":"venta","_id":"20180209123459000000000951752205746807834","_score":1,"_source":{"timestamp":"2018-02-09T11:35:02.229Z","detalles":{"pais":"DE","cantidad":120.68,"idCliente":"0095175"}}}
{"_index":"ventas-2018.02.09","_type":"venta","_id":"20180209123246000000000951752201817049348","_score":1,"_source":{"timestamp":"2018-02-09T11:32:47.974Z","detalles":{"pais":"DE","cantidad":70,"idCliente":"0095175"}}}
{"_index":"ventas-2018.02.09","_type":"venta","_id":"20180209123930000000000951752201817049351","_score":1,"_source":{"timestamp":"2018-02-09T11:39:31.872Z","detalles":{"pais":"DE","cantidad":0,"idCliente":"0095175"}}}
{"_index":"ventas-2018.02.09","_type":"venta","_id":"20180209124504000000000951752201817049352","_score":1,"_source":{"timestamp":"2018-02-09T11:45:06.510Z","detalles":{"pais":"DE","cantidad":70,"idCliente":"0095175"}}}
{"_index":"ventas-2018.02.09","_type":"venta","_id":"20180209120437000000099999992295314367565","_score":1,"_source":{"timestamp":"2018-02-09T12:04:37.846Z","detalles":{"pais":"IN","cantidad":11179,"idCliente":"9999999"}}}
{"_index":"ventas-2018.02.09","_type":"venta","_id":"20180209175042000000014344701765746706163","_score":1,"_source":{"timestamp":"2018-02-09T12:20:44.945Z","detalles":{"pais":"IN","cantidad":184894,"idCliente":"1434470"}}}
{"_index":"ventas-2018.02.09","_type":"venta","_id":"20180209123626000000014537420065943472453","_score":1,"_source":{"timestamp":"2018-02-09T12:36:26.587Z","detalles":{"pais":"GB","cantidad":1800,"idCliente":"1453742"}}}
{"_index":"ventas-2018.02.09","_type":"venta","_id":"20180209223000000000016303192052902252096","_score":1,"_source":{"timestamp":"2018-02-09T13:30:40.963Z","detalles":{"pais":"JP","cantidad":0,"idCliente":"1630319"}}}
{"_index":"ventas-2018.02.09","_type":"venta","_id":"20180209083151000000091266310015194237769","_score":1,"_source":{"timestamp":"2018-02-09T13:31:52.566Z","detalles":{"pais":"GB","cantidad":0,"idCliente":"9126631"}}}
{"_index":"ventas-2018.02.09","_type":"venta","_id":"20180209133852000000099999992295314367571","_score":1,"_source":{"timestamp":"2018-02-09T13:38:52.763Z","detalles":{"pais":"IN","cantidad":11179,"idCliente":"9999999"}}}
{"_index":"ventas-2018.02.09","_type":"venta","_id":"20180209085016000000038249770165183979392","_score":1,"_source":{"timestamp":"2018-02-09T13:50:16.974Z","detalles":{"pais":"IT","cantidad":2299.4,"idCliente":"3824977"}}}
{"_index":"ventas-2018.02.09","_type":"venta","_id":"20180209134319000000091272881255943471790","_score":1,"_source":{"timestamp":"2018-02-09T13:43:20.087Z","detalles":{"pais":"GB","cantidad":0.3,"idCliente":"9127288"}}}
{"_index":"ventas-2018.02.09","_type":"venta","_id":"20180209192532000000014344701765746706183","_score":1,"_source":{"timestamp":"2018-02-09T13:55:37.349Z","detalles":{"pais":"IN","cantidad":0,"idCliente":"1434470"}}}
{"_index":"ventas-2018.02.09","_type":"venta","_id":"20180209095914000000000954657245746807698","_score":1,"_source":{"timestamp":"2018-02-09T08:59:30.437Z","detalles":{"pais":"DE","cantidad":0,"idCliente":"0095465"}}}
{"_index":"ventas-2018.02.09","_type":"venta","_id":"20180209100741000000000954652575746807715","_score":1,"_source":{"timestamp":"2018-02-09T09:07:52.164Z","detalles":{"pais":"DE","cantidad":0,"idCliente":"0095465"}}}
{"_index":"ventas-2018.02.09","_type":"venta","_id":"20180209102412000000000954650825746807732","_score":1,"_source":{"timestamp":"2018-02-09T09:24:22.023Z","detalles":{"pais":"DE","cantidad":0,"idCliente":"0095465"}}}
{"_index":"ventas-2018.02.09","_type":"venta","_id":"20180209042547000000099030092329020006373","_score":1,"_source":{"timestamp":"2018-02-09T09:25:47.658Z","detalles":{"pais":"JP","cantidad":104790,"idCliente":"9903009"}}}
{"_index":"ventas-2018.02.09","_type":"venta","_id":"20180209102737000000000954650825746807737","_score":1,"_source":{"timestamp":"2018-02-09T09:27:46.575Z","detalles":{"pais":"DE","cantidad":0,"idCliente":"0095465"}}}
{"_index":"ventas-2018.02.09","_type":"venta","_id":"20180209093745000000014357770985314367782","_score":1,"_source":{"timestamp":"2018-02-09T09:37:46.222Z","detalles":{"pais":"IN","cantidad":3306,"idCliente":"1435777"}}}
{"_index":"ventas-2018.02.09","_type":"venta","_id":"20180209093935000000099999999105314367540","_score":1,"_source":{"timestamp":"2018-02-09T09:39:35.945Z","detalles":{"pais":"IN","cantidad":22504,"idCliente":"9999999"}}}
{"_index":"ventas-2018.02.09","_type":"venta","_id":"20180209093427000000077258376185106092652","_score":1,"_source":{"timestamp":"2018-02-09T09:34:27.716Z","detalles":{"pais":"ZA","cantidad":21589,"idCliente":"7725837"}}}
{"_index":"ventas-2018.02.09","_type":"venta","_id":"20180209125440000000004566541575746782387","_score":1,"_source":{"timestamp":"2018-02-09T09:54:46.967Z","detalles":{"pais":"QA","cantidad":6055,"idCliente":"0456654"}}}
{"_index":"ventas-2018.02.09","_type":"venta","_id":"20180209125353000000004566541575746782385","_score":1,"_source":{"timestamp":"2018-02-09T09:54:00.726Z","detalles":{"pais":"QA","cantidad":6055,"idCliente":"0456654"}}}
{"_index":"ventas-2018.02.09","_type":"venta","_id":"20180209205526000000002345460815746855485","_score":1,"_source":{"timestamp":"2018-02-09T09:55:32.599Z","detalles":{"pais":"AU","cantidad":0,"idCliente":"0234546"}}}
{"_index":"ventas-2018.02.09","_type":"venta","_id":"20180209205948000000002345460815746855517","_score":1,"_source":{"timestamp":"2018-02-09T09:59:55.154Z","detalles":{"pais":"AU","cantidad":0,"idCliente":"0234546"}}}
{"_index":"ventas-2018.02.09","_type":"venta","_id":"20180209210031000000002345460815746855519","_score":1,"_source":{"timestamp":"2018-02-09T10:00:37.528Z","detalles":{"pais":"AU","cantidad":0,"idCliente":"0234546"}}}
{"_index":"ventas-2018.02.09","_type":"venta","_id":"20180209210032000000002345460815746855520","_score":1,"_source":{"timestamp":"2018-02-09T10:00:38.265Z","detalles":{"pais":"AU","cantidad":0,"idCliente":"0234546"}}}
{"_index":"ventas-2018.02.09","_type":"venta","_id":"20180209125937000000004566541575746782396","_score":1,"_source":{"timestamp":"2018-02-09T09:59:42.353Z","detalles":{"pais":"QA","cantidad":7355,"idCliente":"0456654"}}}
{"_index":"ventas-2018.02.09","_type":"venta","_id":"20180209130021000000004566541575746782398","_score":1,"_source":{"timestamp":"2018-02-09T10:00:27.020Z","detalles":{"pais":"QA","cantidad":7355,"idCliente":"0456654"}}}
{"_index":"ventas-2018.02.09","_type":"venta","_id":"20180209210134000000002345460815746855524","_score":1,"_source":{"timestamp":"2018-02-09T10:01:39.534Z","detalles":{"pais":"AU","cantidad":0,"idCliente":"0234546"}}}
{"_index":"ventas-2018.02.09","_type":"venta","_id":"20180209210117000000002345460815746855522","_score":1,"_source":{"timestamp":"2018-02-09T10:01:22.894Z","detalles":{"pais":"AU","cantidad":0,"idCliente":"0234546"}}}
{"_index":"ventas-2018.02.09","_type":"venta","_id":"20180209230656000000000568260815746207989","_score":1,"_source":{"timestamp":"2018-02-09T10:07:04.868Z","detalles":{"pais":"NZ","cantidad":0,"idCliente":"0056826"}}}
{"_index":"ventas-2018.02.09","_type":"venta","_id":"20180209112256000000000954652575746807766","_score":1,"_source":{"timestamp":"2018-02-09T10:23:13.883Z","detalles":{"pais":"DE","cantidad":0,"idCliente":"0095465"}}}
{"_index":"ventas-2018.02.09","_type":"venta","_id":"20180209112529000000000954652575746807774","_score":1,"_source":{"timestamp":"2018-02-09T10:25:44.112Z","detalles":{"pais":"DE","cantidad":0,"idCliente":"0095465"}}}
{"_index":"ventas-2018.02.09","_type":"venta","_id":"20180209103024000000092220145555985714731","_score":1,"_source":{"timestamp":"2018-02-09T10:30:24.967Z","detalles":{"pais":"RU","cantidad":0,"idCliente":"9222014"}}}
{"_index":"ventas-2018.02.09","_type":"venta","_id":"20180209103846000000014537422205943472239","_score":1,"_source":{"timestamp":"2018-02-09T10:38:47.098Z","detalles":{"pais":"GB","cantidad":398.8,"idCliente":"1453742"}}}
{"_index":"ventas-2018.02.09","_type":"venta","_id":"20180209113712000000000951752205746807406","_score":1,"_source":{"timestamp":"2018-02-09T10:37:19.078Z","detalles":{"pais":"DE","cantidad":371.35,"idCliente":"0095175"}}}
{"_index":"ventas-2018.02.09","_type":"venta","_id":"20180209134218000000004566541575746782412","_score":1,"_source":{"timestamp":"2018-02-09T10:42:24.705Z","detalles":{"pais":"QA","cantidad":6055,"idCliente":"0456654"}}}
{"_index":"ventas-2018.02.09","_type":"venta","_id":"20180209214216000000000567420815746855505","_score":1,"_source":{"timestamp":"2018-02-09T10:42:20.387Z","detalles":{"pais":"AU","cantidad":3592.48,"idCliente":"0056742"}}}
{"_index":"ventas-2018.02.09","_type":"venta","_id":"20180209114117000000000951752205746807413","_score":1,"_source":{"timestamp":"2018-02-09T10:41:28.128Z","detalles":{"pais":"DE","cantidad":366.79,"idCliente":"0095175"}}}
{"_index":"ventas-2018.02.09","_type":"venta","_id":"20180209134604000000004566541575746782421","_score":1,"_source":{"timestamp":"2018-02-09T10:46:10.725Z","detalles":{"pais":"QA","cantidad":7355,"idCliente":"0456654"}}}
{"_index":"ventas-2018.02.09","_type":"venta","_id":"20180209082600000000022222221259999004566","_score":1,"_source":{"timestamp":"2018-02-09T10:46:57.633Z","detalles":{"pais":"GB","cantidad":0,"idCliente":"2222222"}}}
{"_index":"ventas-2018.02.09","_type":"venta","_id":"20180209134655000000004566541575746782424","_score":1,"_source":{"timestamp":"2018-02-09T10:47:01.593Z","detalles":{"pais":"QA","cantidad":6055,"idCliente":"0456654"}}}
{"_index":"ventas-2018.02.09","_type":"venta","_id":"20180209114628000000000954650825746807779","_score":1,"_source":{"timestamp":"2018-02-09T10:46:43.714Z","detalles":{"pais":"DE","cantidad":0,"idCliente":"0095465"}}}
{"_index":"ventas-2018.02.09","_type":"venta","_id":"20180209134803000000004566541575746782429","_score":1,"_source":{"timestamp":"2018-02-09T10:48:11.180Z","detalles":{"pais":"QA","cantidad":7355,"idCliente":"0456654"}}}
{"_index":"ventas-2018.02.09","_type":"venta","_id":"20180209055505000000034942380167095838255","_score":1,"_source":{"timestamp":"2018-02-09T10:55:06.408Z","detalles":{"pais":"US","cantidad":2983.31,"idCliente":"3494238"}}}
{"_index":"ventas-2018.02.09","_type":"venta","_id":"20180209135255000000004566541575746782438","_score":1,"_source":{"timestamp":"2018-02-09T10:53:01.401Z","detalles":{"pais":"QA","cantidad":6055,"idCliente":"0456654"}}}
{"_index":"ventas-2018.02.09","_type":"venta","_id":"20180209115935000000000951752205746807796","_score":1,"_source":{"timestamp":"2018-02-09T10:59:38.869Z","detalles":{"pais":"DE","cantidad":295.92,"idCliente":"0095175"}}}
{"_index":"ventas-2018.02.09","_type":"venta","_id":"20180209035826000000005708818385746815024","_score":1,"_source":{"timestamp":"2018-02-09T10:58:34.297Z","detalles":{"pais":"CA","cantidad":0,"idCliente":"0570881"}}}
{"_index":"ventas-2018.02.09","_type":"venta","_id":"20180209140922000000088219430825746732630","_score":1,"_source":{"timestamp":"2018-02-09T11:09:27.370Z","detalles":{"pais":"TR","cantidad":20190.02,"idCliente":"8821943"}}}
{"_index":"ventas-2018.02.09","_type":"venta","_id":"20180209140922000000088219430825746732632","_score":1,"_source":{"timestamp":"2018-02-09T11:09:28.367Z","detalles":{"pais":"TR","cantidad":1972.43,"idCliente":"8821943"}}}
{"_index":"ventas-2018.02.09","_type":"venta","_id":"20180209040535000000005708818385746815033","_score":1,"_source":{"timestamp":"2018-02-09T11:05:44.376Z","detalles":{"pais":"CA","cantidad":0,"idCliente":"0570881"}}}
{"_index":"ventas-2018.02.09","_type":"venta","_id":"20180209041402000000005708818385746815049","_score":1,"_source":{"timestamp":"2018-02-09T11:14:10.887Z","detalles":{"pais":"CA","cantidad":0,"idCliente":"0570881"}}}
{"_index":"ventas-2018.02.09","_type":"venta","_id":"20180209121137000000000951752205746807801","_score":1,"_source":{"timestamp":"2018-02-09T11:11:41.850Z","detalles":{"pais":"DE","cantidad":202.23,"idCliente":"0095175"}}}
{"_index":"ventas-2018.02.09","_type":"venta","_id":"20180209111054000000091281462205942913577","_score":1,"_source":{"timestamp":"2018-02-09T11:10:55.196Z","detalles":{"pais":"GB","cantidad":398.8,"idCliente":"9128146"}}}
{"_index":"ventas-2018.02.09","_type":"venta","_id":"20180209111804000000091272881255943471761","_score":1,"_source":{"timestamp":"2018-02-09T11:18:05.160Z","detalles":{"pais":"GB","cantidad":964.1,"idCliente":"9127288"}}}
{"_index":"ventas-2018.02.09","_type":"venta","_id":"20180209062252000000035165000067095908910","_score":1,"_source":{"timestamp":"2018-02-09T11:22:53.281Z","detalles":{"pais":"US","cantidad":0,"idCliente":"3516500"}}}
{"_index":"ventas-2018.02.09","_type":"venta","_id":"20180209042359000000005708818385746815064","_score":1,"_source":{"timestamp":"2018-02-09T11:24:09.218Z","detalles":{"pais":"CA","cantidad":0,"idCliente":"0570881"}}}
{"_index":"ventas-2018.02.09","_type":"venta","_id":"20180209113034000000091272881255943471763","_score":1,"_source":{"timestamp":"2018-02-09T11:30:34.631Z","detalles":{"pais":"GB","cantidad":351.11,"idCliente":"9127288"}}}
{"_index":"ventas-2018.02.09","_type":"venta","_id":"20180209113206000000036292351259050630965","_score":1,"_source":{"timestamp":"2018-02-09T11:32:07.325Z","detalles":{"pais":"IE","cantidad":322,"idCliente":"3629235"}}}
{"_index":"ventas-2018.02.09","_type":"venta","_id":"20180209123139000000000954650825746807788","_score":1,"_source":{"timestamp":"2018-02-09T11:31:54.753Z","detalles":{"pais":"DE","cantidad":0,"idCliente":"0095465"}}}
{"_index":"ventas-2018.02.09","_type":"venta","_id":"20180209122912000000000954650825746807783","_score":1,"_source":{"timestamp":"2018-02-09T11:29:54.308Z","detalles":{"pais":"DE","cantidad":0,"idCliente":"0095465"}}}
{"_index":"ventas-2018.02.09","_type":"venta","_id":"20180209123226000000000951752201817049347","_score":1,"_source":{"timestamp":"2018-02-09T11:32:27.864Z","detalles":{"pais":"DE","cantidad":70,"idCliente":"0095175"}}}
{"_index":"ventas-2018.02.09","_type":"venta","_id":"20180209171550000000014344701765746706159","_score":1,"_source":{"timestamp":"2018-02-09T11:45:56.542Z","detalles":{"pais":"IN","cantidad":6515,"idCliente":"1434470"}}}
{"_index":"ventas-2018.02.09","_type":"venta","_id":"20180209144004000000088219430825746732634","_score":1,"_source":{"timestamp":"2018-02-09T11:40:08.765Z","detalles":{"pais":"TR","cantidad":1027.68,"idCliente":"8821943"}}}
{"_index":"ventas-2018.02.09","_type":"venta","_id":"20180209124653000000000954652201817049369","_score":1,"_source":{"timestamp":"2018-02-09T11:46:57.606Z","detalles":{"pais":"DE","cantidad":60,"idCliente":"0095465"}}}
{"_index":"ventas-2018.02.09","_type":"venta","_id":"20180209230045000000000567420815746855511","_score":1,"_source":{"timestamp":"2018-02-09T12:00:50.095Z","detalles":{"pais":"AU","cantidad":172.02,"idCliente":"0056742"}}}
{"_index":"ventas-2018.02.09","_type":"venta","_id":"20180209065213000000067500671765746815240","_score":1,"_source":{"timestamp":"2018-02-09T11:52:22.391Z","detalles":{"pais":"CA","cantidad":0,"idCliente":"6750067"}}}
{"_index":"ventas-2018.02.09","_type":"venta","_id":"20180209123212000000014368270985923395832","_score":1,"_source":{"timestamp":"2018-02-09T12:32:13.034Z","detalles":{"pais":"IN","cantidad":15885,"idCliente":"1436827"}}}
{"_index":"ventas-2018.02.09","_type":"venta","_id":"20180209072204000000035165000067095908922","_score":1,"_source":{"timestamp":"2018-02-09T12:22:05.339Z","detalles":{"pais":"US","cantidad":5488.01,"idCliente":"3516500"}}}
{"_index":"ventas-2018.02.09","_type":"venta","_id":"20180209070729000000057270060742524534643","_score":1,"_source":{"timestamp":"2018-02-09T12:07:30.423Z","detalles":{"pais":"NL","cantidad":565.47,"idCliente":"5727006"}}}
{"_index":"ventas-2018.02.09","_type":"venta","_id":"20180209120449000000099999992295314367566","_score":1,"_source":{"timestamp":"2018-02-09T12:04:49.977Z","detalles":{"pais":"IN","cantidad":9141,"idCliente":"9999999"}}}
{"_index":"ventas-2018.02.09","_type":"venta","_id":"20180209065910000000091279310165194259030","_score":1,"_source":{"timestamp":"2018-02-09T11:59:11.322Z","detalles":{"pais":"GB","cantidad":4163.41,"idCliente":"9127931"}}}
{"_index":"ventas-2018.02.09","_type":"venta","_id":"20180209171914000000014344701765746706162","_score":1,"_source":{"timestamp":"2018-02-09T11:49:18.651Z","detalles":{"pais":"IN","cantidad":762,"idCliente":"1434470"}}}
{"_index":"ventas-2018.02.09","_type":"venta","_id":"20180209135406000000009518012575745925013","_score":1,"_source":{"timestamp":"2018-02-09T12:54:14.072Z","detalles":{"pais":"ES","cantidad":0,"idCliente":"0951801"}}}
{"_index":"ventas-2018.02.09","_type":"venta","_id":"20180209130358000000091272880575943471778","_score":1,"_source":{"timestamp":"2018-02-09T13:03:58.814Z","detalles":{"pais":"GB","cantidad":820.3,"idCliente":"9127288"}}}
{"_index":"ventas-2018.02.09","_type":"venta","_id":"20180209125203000000014537420165943472455","_score":1,"_source":{"timestamp":"2018-02-09T12:52:04.067Z","detalles":{"pais":"GB","cantidad":3021.21,"idCliente":"1453742"}}}
{"_index":"ventas-2018.02.09","_type":"venta","_id":"20180209123625000000014537420065943472452","_score":1,"_source":{"timestamp":"2018-02-09T12:36:25.671Z","detalles":{"pais":"GB","cantidad":1800,"idCliente":"1453742"}}}
{"_index":"ventas-2018.02.09","_type":"venta","_id":"20180209182107000000014344701765746706165","_score":1,"_source":{"timestamp":"2018-02-09T12:51:11.872Z","detalles":{"pais":"IN","cantidad":0,"idCliente":"1434470"}}}
{"_index":"ventas-2018.02.09","_type":"venta","_id":"20180209130433000000014537422205943472457","_score":1,"_source":{"timestamp":"2018-02-09T13:04:33.840Z","detalles":{"pais":"GB","cantidad":869.6,"idCliente":"1453742"}}}
{"_index":"ventas-2018.02.09","_type":"venta","_id":"20180209141758000000023220800825746807827","_score":1,"_source":{"timestamp":"2018-02-09T13:18:04.321Z","detalles":{"pais":"DE","cantidad":13,"idCliente":"2322080"}}}
{"_index":"ventas-2018.02.09","_type":"venta","_id":"20180209131454000000014537422205943472461","_score":1,"_source":{"timestamp":"2018-02-09T13:14:54.810Z","detalles":{"pais":"GB","cantidad":154.6,"idCliente":"1453742"}}}
{"_index":"ventas-2018.02.09","_type":"venta","_id":"20180210001352000000002345460815746855549","_score":1,"_source":{"timestamp":"2018-02-09T13:13:58.794Z","detalles":{"pais":"AU","cantidad":0,"idCliente":"0234546"}}}
{"_index":"ventas-2018.02.09","_type":"venta","_id":"20180209132426000000002355666185795486981","_score":1,"_source":{"timestamp":"2018-02-09T13:24:27.199Z","detalles":{"pais":"AU","cantidad":0,"idCliente":"0235566"}}}
{"_index":"ventas-2018.02.09","_type":"venta","_id":"20180209185426000000014344701765746706179","_score":1,"_source":{"timestamp":"2018-02-09T13:24:35.742Z","detalles":{"pais":"IN","cantidad":0,"idCliente":"1434470"}}}
{"_index":"ventas-2018.02.09","_type":"venta","_id":"20180209142054000000023220800825746807832","_score":1,"_source":{"timestamp":"2018-02-09T13:20:59.449Z","detalles":{"pais":"DE","cantidad":1046.13,"idCliente":"2322080"}}}
{"_index":"ventas-2018.02.09","_type":"venta","_id":"20180209034900000000014537481259999011056","_score":1,"_source":{"timestamp":"2018-02-09T08:49:45.836Z","detalles":{"pais":"CA","cantidad":100000,"idCliente":"1453748"}}}
{"_index":"ventas-2018.02.09","_type":"venta","_id":"20180209085344000000099999991419903082237","_score":1,"_source":{"timestamp":"2018-02-09T08:53:45.187Z","detalles":{"pais":"AE","cantidad":1110,"idCliente":"9999999"}}}
{"_index":"ventas-2018.02.09","_type":"venta","_id":"20180209100050000000000954657245746807703","_score":1,"_source":{"timestamp":"2018-02-09T09:01:11.841Z","detalles":{"pais":"DE","cantidad":0,"idCliente":"0095465"}}}
{"_index":"ventas-2018.02.09","_type":"venta","_id":"20180209095914000000000954657245746807700","_score":1,"_source":{"timestamp":"2018-02-09T08:59:31.819Z","detalles":{"pais":"DE","cantidad":0,"idCliente":"0095465"}}}
{"_index":"ventas-2018.02.09","_type":"venta","_id":"20180209101749000000000954652575746807721","_score":1,"_source":{"timestamp":"2018-02-09T09:17:56.270Z","detalles":{"pais":"DE","cantidad":0,"idCliente":"0095465"}}}
{"_index":"ventas-2018.02.09","_type":"venta","_id":"20180209100345000000000954657245746807709","_score":1,"_source":{"timestamp":"2018-02-09T09:03:58.064Z","detalles":{"pais":"DE","cantidad":0,"idCliente":"0095465"}}}
{"_index":"ventas-2018.02.09","_type":"venta","_id":"20180209091930000000002343620815794758517","_score":1,"_source":{"timestamp":"2018-02-09T09:19:30.568Z","detalles":{"pais":"AU","cantidad":1598.01,"idCliente":"0234362"}}}
{"_index":"ventas-2018.02.09","_type":"venta","_id":"20180209102409000000000954650825746807731","_score":1,"_source":{"timestamp":"2018-02-09T09:24:21.080Z","detalles":{"pais":"DE","cantidad":0,"idCliente":"0095465"}}}
{"_index":"ventas-2018.02.09","_type":"venta","_id":"20180209042818000000099030092329020006375","_score":1,"_source":{"timestamp":"2018-02-09T09:28:18.976Z","detalles":{"pais":"JP","cantidad":104790,"idCliente":"9903009"}}}
{"_index":"ventas-2018.02.09","_type":"venta","_id":"20180209125203000000014537420165943472456","_score":1,"_source":{"timestamp":"2018-02-09T12:52:04.650Z","detalles":{"pais":"GB","cantidad":3021.21,"idCliente":"1453742"}}}
{"_index":"ventas-2018.02.09","_type":"venta","_id":"20180209131910000000009518012205745925009","_score":1,"_source":{"timestamp":"2018-02-09T12:19:16.147Z","detalles":{"pais":"ES","cantidad":0,"idCliente":"0951801"}}}
{"_index":"ventas-2018.02.09","_type":"venta","_id":"20180209203214000000000568480815744933251","_score":1,"_source":{"timestamp":"2018-02-09T12:32:18.331Z","detalles":{"pais":"SG","cantidad":1715,"idCliente":"0056848"}}}
{"_index":"ventas-2018.02.09","_type":"venta","_id":"20180209234553000000002345460815746855537","_score":1,"_source":{"timestamp":"2018-02-09T12:45:57.874Z","detalles":{"pais":"AU","cantidad":0,"idCliente":"0234546"}}}
{"_index":"ventas-2018.02.09","_type":"venta","_id":"20180209125907000000091272881255943471775","_score":1,"_source":{"timestamp":"2018-02-09T12:59:08.438Z","detalles":{"pais":"GB","cantidad":351.11,"idCliente":"9127288"}}}
{"_index":"ventas-2018.02.09","_type":"venta","_id":"20180209135406000000009518012575745925011","_score":1,"_source":{"timestamp":"2018-02-09T12:54:13.033Z","detalles":{"pais":"ES","cantidad":0,"idCliente":"0951801"}}}
{"_index":"ventas-2018.02.09","_type":"venta","_id":"20180209125723000000014357770985314367795","_score":1,"_source":{"timestamp":"2018-02-09T12:57:24.160Z","detalles":{"pais":"IN","cantidad":14531,"idCliente":"1435777"}}}
{"_index":"ventas-2018.02.09","_type":"venta","_id":"20180209072406000000035165000067095908924","_score":1,"_source":{"timestamp":"2018-02-09T12:24:06.600Z","detalles":{"pais":"US","cantidad":5487.51,"idCliente":"3516500"}}}
{"_index":"ventas-2018.02.09","_type":"venta","_id":"20180209131648000000009518012575745925007","_score":1,"_source":{"timestamp":"2018-02-09T12:16:53.980Z","detalles":{"pais":"ES","cantidad":0,"idCliente":"0951801"}}}
{"_index":"ventas-2018.02.09","_type":"venta","_id":"20180209141758000000023220800825746807825","_score":1,"_source":{"timestamp":"2018-02-09T13:18:03.312Z","detalles":{"pais":"DE","cantidad":239.49,"idCliente":"2322080"}}}
{"_index":"ventas-2018.02.09","_type":"venta","_id":"20180209081158000000023268581765693911716","_score":1,"_source":{"timestamp":"2018-02-09T13:11:59.342Z","detalles":{"pais":"DE","cantidad":4088,"idCliente":"2326858"}}}
{"_index":"ventas-2018.02.09","_type":"venta","_id":"20180209130707000000091272880575943471779","_score":1,"_source":{"timestamp":"2018-02-09T13:07:08.404Z","detalles":{"pais":"GB","cantidad":113.64,"idCliente":"9127288"}}}
{"_index":"ventas-2018.02.09","_type":"venta","_id":"20180209140312000000009518012575745925015","_score":1,"_source":{"timestamp":"2018-02-09T13:03:17.406Z","detalles":{"pais":"ES","cantidad":0,"idCliente":"0951801"}}}
{"_index":"ventas-2018.02.09","_type":"venta","_id":"20180210000336000000002345460815746855543","_score":1,"_source":{"timestamp":"2018-02-09T13:03:43.039Z","detalles":{"pais":"AU","cantidad":0,"idCliente":"0234546"}}}
{"_index":"ventas-2018.02.09","_type":"venta","_id":"20180209081531000000099004620019010340808","_score":1,"_source":{"timestamp":"2018-02-09T13:15:32.299Z","detalles":{"pais":"US","cantidad":0,"idCliente":"9900462"}}}
{"_index":"ventas-2018.02.09","_type":"venta","_id":"20180209081859000000023268581765693911717","_score":1,"_source":{"timestamp":"2018-02-09T13:19:00.442Z","detalles":{"pais":"DE","cantidad":4052.16,"idCliente":"2326858"}}}
{"_index":"ventas-2018.02.09","_type":"venta","_id":"20180209081755000000090217091769313619255","_score":1,"_source":{"timestamp":"2018-02-09T13:17:56.007Z","detalles":{"pais":"EG","cantidad":7739,"idCliente":"9021709"}}}
{"_index":"ventas-2018.02.09","_type":"venta","_id":"20180209131330000000023277530825983088078","_score":1,"_source":{"timestamp":"2018-02-09T13:13:30.646Z","detalles":{"pais":"DE","cantidad":507.86,"idCliente":"2327753"}}}
{"_index":"ventas-2018.02.09","_type":"venta","_id":"20180209185426000000014344701765746706177","_score":1,"_source":{"timestamp":"2018-02-09T13:24:34.728Z","detalles":{"pais":"IN","cantidad":0,"idCliente":"1434470"}}}
{"_index":"ventas-2018.02.09","_type":"venta","_id":"20180209142054000000023220800825746807830","_score":1,"_source":{"timestamp":"2018-02-09T13:20:58.407Z","detalles":{"pais":"DE","cantidad":1046.13,"idCliente":"2322080"}}}
{"_index":"ventas-2018.02.09","_type":"venta","_id":"20180209142337000000023220807245746807876","_score":1,"_source":{"timestamp":"2018-02-09T13:23:43.392Z","detalles":{"pais":"DE","cantidad":178.53,"idCliente":"2322080"}}}
{"_index":"ventas-2018.02.09","_type":"venta","_id":"20180209133040000000014537420165943472464","_score":1,"_source":{"timestamp":"2018-02-09T13:30:40.857Z","detalles":{"pais":"GB","cantidad":3021.21,"idCliente":"1453742"}}}
{"_index":"ventas-2018.02.09","_type":"venta","_id":"20180209143052000000023220802575746807878","_score":1,"_source":{"timestamp":"2018-02-09T13:30:57.994Z","detalles":{"pais":"DE","cantidad":523.12,"idCliente":"2322080"}}}
{"_index":"ventas-2018.02.09","_type":"venta","_id":"20180209143343000000023220802575746807884","_score":1,"_source":{"timestamp":"2018-02-09T13:33:49.555Z","detalles":{"pais":"DE","cantidad":744.44,"idCliente":"2322080"}}}
{"_index":"ventas-2018.02.09","_type":"venta","_id":"20180209213703000000000567780815745028697","_score":1,"_source":{"timestamp":"2018-02-09T13:37:07.979Z","detalles":{"pais":"HK","cantidad":11313,"idCliente":"0056778"}}}
{"_index":"ventas-2018.02.09","_type":"venta","_id":"20180209134718000000091284481255943466850","_score":1,"_source":{"timestamp":"2018-02-09T13:47:19.033Z","detalles":{"pais":"GB","cantidad":610.93,"idCliente":"9128448"}}}
{"_index":"ventas-2018.02.09","_type":"venta","_id":"20180209084232000000091279311765194259032","_score":1,"_source":{"timestamp":"2018-02-09T13:42:33.600Z","detalles":{"pais":"GB","cantidad":726.22,"idCliente":"9127931"}}}
{"_index":"ventas-2018.02.09","_type":"venta","_id":"20180209092609000000002343620815794758518","_score":1,"_source":{"timestamp":"2018-02-09T09:26:09.774Z","detalles":{"pais":"AU","cantidad":2694.03,"idCliente":"0234362"}}}
{"_index":"ventas-2018.02.09","_type":"venta","_id":"20180209202408000000000567420815746855500","_score":1,"_source":{"timestamp":"2018-02-09T09:24:14.533Z","detalles":{"pais":"AU","cantidad":1972.48,"idCliente":"0056742"}}}
{"_index":"ventas-2018.02.09","_type":"venta","_id":"20180209103020000000000954650825746807743","_score":1,"_source":{"timestamp":"2018-02-09T09:30:29.988Z","detalles":{"pais":"DE","cantidad":0,"idCliente":"0095465"}}}
{"_index":"ventas-2018.02.09","_type":"venta","_id":"20171207034700000000022222221252902116931","_score":1,"_source":{"timestamp":"2018-02-09T09:34:06.473Z","detalles":{"pais":"GB","cantidad":100000,"idCliente":"2222222"}}}
{"_index":"ventas-2018.02.09","_type":"venta","_id":"20180209093638000000014357770985314367781","_score":1,"_source":{"timestamp":"2018-02-09T09:36:38.657Z","detalles":{"pais":"IN","cantidad":5888,"idCliente":"1435777"}}}
{"_index":"ventas-2018.02.09","_type":"venta","_id":"20180209094526000000099999992295314367543","_score":1,"_source":{"timestamp":"2018-02-09T09:45:27.242Z","detalles":{"pais":"IN","cantidad":11001,"idCliente":"9999999"}}}
{"_index":"ventas-2018.02.09","_type":"venta","_id":"20180209024750000000060960260165746815336","_score":1,"_source":{"timestamp":"2018-02-09T09:47:55.433Z","detalles":{"pais":"CA","cantidad":0,"idCliente":"6096026"}}}
{"_index":"ventas-2018.02.09","_type":"venta","_id":"20180209024750000000060960260165746815337","_score":1,"_source":{"timestamp":"2018-02-09T09:47:56.167Z","detalles":{"pais":"CA","cantidad":0,"idCliente":"6096026"}}}
{"_index":"ventas-2018.02.09","_type":"venta","_id":"20180209104650000000000954650821817049367","_score":1,"_source":{"timestamp":"2018-02-09T09:46:56.477Z","detalles":{"pais":"DE","cantidad":60,"idCliente":"0095465"}}}
{"_index":"ventas-2018.02.09","_type":"venta","_id":"20180209025247000000060960260165746815344","_score":1,"_source":{"timestamp":"2018-02-09T09:52:52.585Z","detalles":{"pais":"CA","cantidad":0,"idCliente":"6096026"}}}
{"_index":"ventas-2018.02.09","_type":"venta","_id":"20180209125631000000004566541575746782390","_score":1,"_source":{"timestamp":"2018-02-09T09:56:37.223Z","detalles":{"pais":"QA","cantidad":7355,"idCliente":"0456654"}}}
{"_index":"ventas-2018.02.09","_type":"venta","_id":"20180209100137000000099999996035314367551","_score":1,"_source":{"timestamp":"2018-02-09T10:01:37.588Z","detalles":{"pais":"IN","cantidad":5882,"idCliente":"9999999"}}}
{"_index":"ventas-2018.02.09","_type":"venta","_id":"20180209130139000000004566541575746782401","_score":1,"_source":{"timestamp":"2018-02-09T10:01:45.426Z","detalles":{"pais":"QA","cantidad":6055,"idCliente":"0456654"}}}
{"_index":"ventas-2018.02.09","_type":"venta","_id":"20180209210413000000002345460815746855528","_score":1,"_source":{"timestamp":"2018-02-09T10:04:18.829Z","detalles":{"pais":"AU","cantidad":0,"idCliente":"0234546"}}}
{"_index":"ventas-2018.02.09","_type":"venta","_id":"20180209100832000000014537420165943472450","_score":1,"_source":{"timestamp":"2018-02-09T10:08:33.051Z","detalles":{"pais":"GB","cantidad":3021.21,"idCliente":"1453742"}}}
{"_index":"ventas-2018.02.09","_type":"venta","_id":"20180209100444000000002325980815795483759","_score":1,"_source":{"timestamp":"2018-02-09T10:04:45.526Z","detalles":{"pais":"AU","cantidad":2694.03,"idCliente":"0232598"}}}
{"_index":"ventas-2018.02.09","_type":"venta","_id":"20180209051712000000099050020169020012125","_score":1,"_source":{"timestamp":"2018-02-09T10:17:13.414Z","detalles":{"pais":"JP","cantidad":355580,"idCliente":"9905002"}}}
{"_index":"ventas-2018.02.09","_type":"venta","_id":"20180209101252000000006512371259902720093","_score":1,"_source":{"timestamp":"2018-02-09T10:12:53.344Z","detalles":{"pais":"GB","cantidad":123.5,"idCliente":"0651237"}}}
{"_index":"ventas-2018.02.09","_type":"venta","_id":"20180209101049000000002325980815795483760","_score":1,"_source":{"timestamp":"2018-02-09T10:10:50.330Z","detalles":{"pais":"AU","cantidad":2808.16,"idCliente":"0232598"}}}
{"_index":"ventas-2018.02.09","_type":"venta","_id":"20180209102842000000014537421255943472238","_score":1,"_source":{"timestamp":"2018-02-09T10:28:42.873Z","detalles":{"pais":"GB","cantidad":60.2,"idCliente":"1453742"}}}
{"_index":"ventas-2018.02.09","_type":"venta","_id":"20180209155826000000014344701765746706144","_score":1,"_source":{"timestamp":"2018-02-09T10:28:29.114Z","detalles":{"pais":"IN","cantidad":42789,"idCliente":"1434470"}}}
{"_index":"ventas-2018.02.09","_type":"venta","_id":"20180209112529000000000954652575746807776","_score":1,"_source":{"timestamp":"2018-02-09T10:25:45.305Z","detalles":{"pais":"DE","cantidad":0,"idCliente":"0095465"}}}
{"_index":"ventas-2018.02.09","_type":"venta","_id":"20180209112417000000000954652575746807771","_score":1,"_source":{"timestamp":"2018-02-09T10:24:33.986Z","detalles":{"pais":"DE","cantidad":0,"idCliente":"0095465"}}}
{"_index":"ventas-2018.02.09","_type":"venta","_id":"20180209133833000000004566541575746782404","_score":1,"_source":{"timestamp":"2018-02-09T10:38:39.540Z","detalles":{"pais":"QA","cantidad":6055,"idCliente":"0456654"}}}
{"_index":"ventas-2018.02.09","_type":"venta","_id":"20180209103341000000077258376185106092655","_score":1,"_source":{"timestamp":"2018-02-09T10:33:41.716Z","detalles":{"pais":"ZA","cantidad":21589,"idCliente":"7725837"}}}
{"_index":"ventas-2018.02.09","_type":"venta","_id":"20180209213140000000000567420815746855504","_score":1,"_source":{"timestamp":"2018-02-09T10:31:44.847Z","detalles":{"pais":"AU","cantidad":1972.48,"idCliente":"0056742"}}}
{"_index":"ventas-2018.02.09","_type":"venta","_id":"20180209134021000000004566541575746782408","_score":1,"_source":{"timestamp":"2018-02-09T10:40:28.693Z","detalles":{"pais":"QA","cantidad":6055,"idCliente":"0456654"}}}
{"_index":"ventas-2018.02.09","_type":"venta","_id":"20180209114134000000000951752205746807794","_score":1,"_source":{"timestamp":"2018-02-09T10:41:40.541Z","detalles":{"pais":"DE","cantidad":218.6,"idCliente":"0095175"}}}
{"_index":"ventas-2018.02.09","_type":"venta","_id":"20180209134040000000088200192575746732505","_score":1,"_source":{"timestamp":"2018-02-09T10:40:48.167Z","detalles":{"pais":"TR","cantidad":0,"idCliente":"8820019"}}}
{"_index":"ventas-2018.02.09","_type":"venta","_id":"20180209104450000000099999991419903081431","_score":1,"_source":{"timestamp":"2018-02-09T10:44:50.909Z","detalles":{"pais":"AE","cantidad":2090,"idCliente":"9999999"}}}
{"_index":"ventas-2018.02.09","_type":"venta","_id":"20180209055012000000035165000067095908894","_score":1,"_source":{"timestamp":"2018-02-09T10:50:13.354Z","detalles":{"pais":"US","cantidad":5438.01,"idCliente":"3516500"}}}
{"_index":"ventas-2018.02.09","_type":"venta","_id":"20180209055012000000035165000067095908895","_score":1,"_source":{"timestamp":"2018-02-09T10:50:13.358Z","detalles":{"pais":"US","cantidad":5438.01,"idCliente":"3516500"}}}
{"_index":"ventas-2018.02.09","_type":"venta","_id":"20180209105639000000077258376185106092658","_score":1,"_source":{"timestamp":"2018-02-09T10:56:39.665Z","detalles":{"pais":"ZA","cantidad":193,"idCliente":"7725837"}}}
{"_index":"ventas-2018.02.09","_type":"venta","_id":"20180209115635000000060210962201633159182","_score":1,"_source":{"timestamp":"2018-02-09T10:56:43.368Z","detalles":{"pais":"NO","cantidad":0,"idCliente":"6021096"}}}
{"_index":"ventas-2018.02.09","_type":"venta","_id":"20180209055714000000035165000067095908897","_score":1,"_source":{"timestamp":"2018-02-09T10:57:15.315Z","detalles":{"pais":"US","cantidad":5438.01,"idCliente":"3516500"}}}
{"_index":"ventas-2018.02.09","_type":"venta","_id":"20180209135553000000004566541575746782442","_score":1,"_source":{"timestamp":"2018-02-09T10:56:00.015Z","detalles":{"pais":"QA","cantidad":6055,"idCliente":"0456654"}}}
{"_index":"ventas-2018.02.09","_type":"venta","_id":"20180209115932000000023220802205746807814","_score":1,"_source":{"timestamp":"2018-02-09T10:59:36.656Z","detalles":{"pais":"DE","cantidad":149.69,"idCliente":"2322080"}}}
{"_index":"ventas-2018.02.09","_type":"venta","_id":"20180209040616000000005708818385746815035","_score":1,"_source":{"timestamp":"2018-02-09T11:06:23.960Z","detalles":{"pais":"CA","cantidad":0,"idCliente":"0570881"}}}
{"_index":"ventas-2018.02.09","_type":"venta","_id":"20180209060526000000035165000067095908900","_score":1,"_source":{"timestamp":"2018-02-09T11:05:27.008Z","detalles":{"pais":"US","cantidad":3826.41,"idCliente":"3516500"}}}
{"_index":"ventas-2018.02.09","_type":"venta","_id":"20180209121254000000000951752205746807804","_score":1,"_source":{"timestamp":"2018-02-09T11:12:58.558Z","detalles":{"pais":"DE","cantidad":398.84,"idCliente":"0095175"}}}
{"_index":"ventas-2018.02.09","_type":"venta","_id":"20180209164740000000000573077245746706138","_score":1,"_source":{"timestamp":"2018-02-09T11:17:45.725Z","detalles":{"pais":"IN","cantidad":0,"idCliente":"0057307"}}}
{"_index":"ventas-2018.02.09","_type":"venta","_id":"20180209121542000000000951752575746807808","_score":1,"_source":{"timestamp":"2018-02-09T11:15:45.951Z","detalles":{"pais":"DE","cantidad":1146.82,"idCliente":"0095175"}}}
{"_index":"ventas-2018.02.09","_type":"venta","_id":"20180209062013000000007560680067095895653","_score":1,"_source":{"timestamp":"2018-02-09T11:20:14.213Z","detalles":{"pais":"US","cantidad":5488.01,"idCliente":"0756068"}}}
{"_index":"ventas-2018.02.09","_type":"venta","_id":"20180209112422000000091272881255943471762","_score":1,"_source":{"timestamp":"2018-02-09T11:24:23.231Z","detalles":{"pais":"GB","cantidad":584.49,"idCliente":"9127288"}}}
{"_index":"ventas-2018.02.09","_type":"venta","_id":"20180209122204000000000951752205746807809","_score":1,"_source":{"timestamp":"2018-02-09T11:22:08.611Z","detalles":{"pais":"DE","cantidad":208.91,"idCliente":"0095175"}}}
{"_index":"ventas-2018.02.09","_type":"venta","_id":"20180209122912000000000954650825746807781","_score":1,"_source":{"timestamp":"2018-02-09T11:29:52.881Z","detalles":{"pais":"DE","cantidad":0,"idCliente":"0095465"}}}
{"_index":"ventas-2018.02.09","_type":"venta","_id":"20180209083550000000000567380815744507283","_score":1,"_source":{"timestamp":"2018-02-09T11:35:56.238Z","detalles":{"pais":"AR","cantidad":0,"idCliente":"0056738"}}}
{"_index":"ventas-2018.02.09","_type":"venta","_id":"20180209123326000000000954650825746807789","_score":1,"_source":{"timestamp":"2018-02-09T11:33:40.270Z","detalles":{"pais":"DE","cantidad":0,"idCliente":"0095465"}}}
{"_index":"ventas-2018.02.09","_type":"venta","_id":"20180209171550000000014344701765746706157","_score":1,"_source":{"timestamp":"2018-02-09T11:45:55.536Z","detalles":{"pais":"IN","cantidad":63201,"idCliente":"1434470"}}}
{"_index":"ventas-2018.02.09","_type":"venta","_id":"20180209114817000000014357770985314367787","_score":1,"_source":{"timestamp":"2018-02-09T11:48:18.085Z","detalles":{"pais":"IN","cantidad":4282,"idCliente":"1435777"}}}
{"_index":"ventas-2018.02.09","_type":"venta","_id":"20180209124525000000000954652205746807854","_score":1,"_source":{"timestamp":"2018-02-09T11:46:10.043Z","detalles":{"pais":"DE","cantidad":399.1,"idCliente":"0095465"}}}
{"_index":"ventas-2018.02.09","_type":"venta","_id":"20180209115907000000091272881255943471767","_score":1,"_source":{"timestamp":"2018-02-09T11:59:08.419Z","detalles":{"pais":"GB","cantidad":412.1,"idCliente":"9127288"}}}
{"_index":"ventas-2018.02.09","_type":"venta","_id":"20180209114940000000086212825895634805725","_score":1,"_source":{"timestamp":"2018-02-09T11:49:40.665Z","detalles":{"pais":"AE","cantidad":475,"idCliente":"8621282"}}}
{"_index":"ventas-2018.02.09","_type":"venta","_id":"20180209131443000000023220807245746807821","_score":1,"_source":{"timestamp":"2018-02-09T12:14:47.633Z","detalles":{"pais":"DE","cantidad":6085.94,"idCliente":"2322080"}}}
{"_index":"ventas-2018.02.09","_type":"venta","_id":"20180209071522000000035165000067095908920","_score":1,"_source":{"timestamp":"2018-02-09T12:15:22.637Z","detalles":{"pais":"US","cantidad":5488.01,"idCliente":"3516500"}}}
{"_index":"ventas-2018.02.09","_type":"venta","_id":"20180209071052000000035165000167095908911","_score":1,"_source":{"timestamp":"2018-02-09T12:10:52.906Z","detalles":{"pais":"US","cantidad":0,"idCliente":"3516500"}}}
{"_index":"ventas-2018.02.09","_type":"venta","_id":"20180209121626000000036292351259050630966","_score":1,"_source":{"timestamp":"2018-02-09T12:16:26.935Z","detalles":{"pais":"IE","cantidad":189.9,"idCliente":"3629235"}}}
